<dnp3.dnp3_to_cim.CIMMapping object at 0x7fe268c34070>
l50
43 101

--- [DEBUG] ANALOG PACKET RECEIVED ---

--- [DEBUG] ANALOG PACKET RECEIVED ---
Index: 3 | Value: 2372.4931640625
Index: 4 | Value: 2424.188232421875
Index: 5 | Value: 2414.57666015625
Index: 12 | Value: 2366.991943359375
Index: 13 | Value: 2413.09228515625
Index: 14 | Value: 2411.220947265625
Index: 27 | Value: 2359.568359375
Index: 28 | Value: 2390.330810546875
Index: 29 | Value: 2401.47265625
Index: 30 | Value: 2356.90625
Index: 31 | Value: 2388.040283203125
Index: 32 | Value: 2400.61181640625
Index: 57 | Value: 179.8981475830078
Index: 58 | Value: 231.6335906982422
Index: 59 | Value: 196.0055694580078
Index: 60 | Value: 172.34881591796875
Index: 61 | Value: 200.8957061767578
Index: 62 | Value: 194.65716552734375
Index: 63 | Value: 88.37738037109375
Index: 64 | Value: 118.95143127441406
Index: 65 | Value: 133.4470672607422
Index: 66 | Value: 124.78823852539062
Index: 67 | Value: 117.8267822265625
Index: 68 | Value: 118.78425598144531
Index: 69 | Value: 34.76094436645508
Index: 70 | Value: 41.87166976928711
Index: 71 | Value: 46.995933532714844
Indices [(3, 2372.4931640625), (4, 2424.188232421875), (5, 2414.57666015625), (12, 2366.991943359375), (13, 2413.09228515625), (14, 2411.220947265625), (27, 2359.568359375), (28, 2390.330810546875), (29, 2401.47265625), (30, 2356.90625), (31, 2388.040283203125), (32, 2400.61181640625), (57, 179.8981475830078), (58, 231.6335906982422), (59, 196.0055694580078), (60, 172.34881591796875), (61, 200.8957061767578), (62, 194.65716552734375), (63, 88.37738037109375), (64, 118.95143127441406), (65, 133.4470672607422), (66, 124.78823852539062), (67, 117.8267822265625), (68, 118.78425598144531), (69, 34.76094436645508), (70, 41.87166976928711), (71, 46.995933532714844)]
3 ... 2372.4931640625
4 ... 2424.188232421875
5 ... 2414.57666015625
12 ... 2366.991943359375
13 ... 2413.09228515625
14 ... 2411.220947265625
27 ... 2359.568359375
28 ... 2390.330810546875
29 ... 2401.47265625
30 ... 2356.90625
31 ... 2388.040283203125
32 ... 2400.61181640625
57 ... 179.8981475830078
58 ... 231.6335906982422
59 ... 196.0055694580078
60 ... 172.34881591796875
61 ... 200.8957061767578
62 ... 194.65716552734375
63 ... 88.37738037109375
64 ... 118.95143127441406
65 ... 133.4470672607422
66 ... 124.78823852539062
67 ... 117.8267822265625
68 ... 118.78425598144531
69 ... 34.76094436645508
70 ... 41.87166976928711
71 ... 46.995933532714844

--- [DEBUG] ANALOG PACKET RECEIVED ---

--- [DEBUG] ANALOG PACKET RECEIVED ---
Index: 3 | Value: 2352.553466796875
Index: 4 | Value: 2419.125732421875
Index: 5 | Value: 2406.58251953125
Index: 12 | Value: 2342.870849609375
Index: 13 | Value: 2408.096923828125
Index: 14 | Value: 2402.527587890625
Index: 27 | Value: 2336.71484375
Index: 28 | Value: 2389.908203125
Index: 29 | Value: 2401.96044921875
Index: 30 | Value: 2334.00341796875
Index: 31 | Value: 2389.510009765625
Index: 32 | Value: 2403.41796875
Index: 57 | Value: 219.37928771972656
Index: 58 | Value: 270.4295959472656
Index: 59 | Value: 235.0366973876953
Index: 60 | Value: 178.18927001953125
Index: 61 | Value: 212.7540283203125
Index: 62 | Value: 206.23536682128906
Index: 63 | Value: 100.86943054199219
Index: 64 | Value: 135.07508850097656
Index: 65 | Value: 148.8895721435547
Index: 66 | Value: 135.2617950439453
Index: 67 | Value: 137.46636962890625
Index: 68 | Value: 132.65960693359375
Index: 69 | Value: 28.104177474975586
Index: 70 | Value: 69.07649993896484
Index: 71 | Value: 72.8560791015625
Indices [(3, 2352.553466796875), (4, 2419.125732421875), (5, 2406.58251953125), (12, 2342.870849609375), (13, 2408.096923828125), (14, 2402.527587890625), (27, 2336.71484375), (28, 2389.908203125), (29, 2401.96044921875), (30, 2334.00341796875), (31, 2389.510009765625), (32, 2403.41796875), (57, 219.37928771972656), (58, 270.4295959472656), (59, 235.0366973876953), (60, 178.18927001953125), (61, 212.7540283203125), (62, 206.23536682128906), (63, 100.86943054199219), (64, 135.07508850097656), (65, 148.8895721435547), (66, 135.2617950439453), (67, 137.46636962890625), (68, 132.65960693359375), (69, 28.104177474975586), (70, 69.07649993896484), (71, 72.8560791015625)]
3 ... 2352.553466796875
4 ... 2419.125732421875
5 ... 2406.58251953125
12 ... 2342.870849609375
13 ... 2408.096923828125
14 ... 2402.527587890625
27 ... 2336.71484375
28 ... 2389.908203125
29 ... 2401.96044921875
30 ... 2334.00341796875
31 ... 2389.510009765625
32 ... 2403.41796875
57 ... 219.37928771972656
58 ... 270.4295959472656
59 ... 235.0366973876953
60 ... 178.18927001953125
61 ... 212.7540283203125
62 ... 206.23536682128906
63 ... 100.86943054199219
64 ... 135.07508850097656
65 ... 148.8895721435547
66 ... 135.2617950439453
67 ... 137.46636962890625
68 ... 132.65960693359375
69 ... 28.104177474975586
70 ... 69.07649993896484
71 ... 72.8560791015625

--- [DEBUG] ANALOG PACKET RECEIVED ---

--- [DEBUG] ANALOG PACKET RECEIVED ---
Index: 0 | Value: False
Index: 1 | Value: False
binary jeff {'PNV': {'B': {'mrid': '_28d286d7-3422-465e-aede-db39e500786c', 'type': 'angle'}, 'C': {'mrid': '_585f06c4-45fd-4c1d-b946-a5ed1fe224f7', 'type': 'angle'}, 'A': {'mrid': '_fa3e659f-890e-402e-8d05-c5c1d9a2ba83', 'type': 'angle'}}}
binary jeff {'PNV': {'B': {'mrid': '_28d286d7-3422-465e-aede-db39e500786c', 'type': 'angle'}, 'C': {'mrid': '_585f06c4-45fd-4c1d-b946-a5ed1fe224f7', 'type': 'angle'}, 'A': {'mrid': '_fa3e659f-890e-402e-8d05-c5c1d9a2ba83', 'type': 'angle'}}}

--- [DEBUG] ANALOG PACKET RECEIVED ---

--- [DEBUG] ANALOG PACKET RECEIVED ---
Index: 0 | Value: False
Index: 1 | Value: False

--- [DEBUG] ANALOG PACKET RECEIVED ---

--- [DEBUG] ANALOG PACKET RECEIVED ---
Index: 0 | Value: 0.0
Index: 1 | Value: 0.0
Index: 2 | Value: 0.0
Index: 3 | Value: 2375.173583984375
Index: 4 | Value: 2428.365966796875
Index: 5 | Value: 2402.312744140625
Index: 6 | Value: 0.0
Index: 7 | Value: 0.0
Index: 8 | Value: 0.0
Index: 9 | Value: 0.0
Index: 10 | Value: 0.0
Index: 11 | Value: 0.0
Index: 12 | Value: 2369.533447265625
Index: 13 | Value: 2417.917724609375
Index: 14 | Value: 2395.2509765625
Index: 15 | Value: 0.0
Index: 16 | Value: 0.0
Index: 17 | Value: 0.0
Index: 18 | Value: 0.0
Index: 19 | Value: 0.0
Index: 20 | Value: 0.0
Index: 21 | Value: 0.0
Index: 22 | Value: 0.0
Index: 23 | Value: 0.0
Index: 24 | Value: 0.0
Index: 25 | Value: 0.0
Index: 26 | Value: 0.0
Index: 27 | Value: 2365.953369140625
Index: 28 | Value: 2399.560302734375
Index: 29 | Value: 2388.71923828125
Index: 30 | Value: 2364.04150390625
Index: 31 | Value: 2398.96142578125
Index: 32 | Value: 2388.27978515625
Index: 33 | Value: 0.0
Index: 34 | Value: 0.0
Index: 35 | Value: 0.0
Index: 36 | Value: 0.0
Index: 37 | Value: 0.0
Index: 38 | Value: 0.0
Index: 39 | Value: 0.0
Index: 40 | Value: 0.0
Index: 41 | Value: 0.0
Index: 42 | Value: 0.0
Index: 43 | Value: 0.0
Index: 44 | Value: 0.0
Index: 45 | Value: 0.0
Index: 46 | Value: 0.0
Index: 47 | Value: 0.0
Index: 48 | Value: 0.0
Index: 49 | Value: 0.0
Index: 50 | Value: 0.0
Index: 51 | Value: 0.0
Index: 52 | Value: 0.0
Index: 53 | Value: 0.0
Index: 54 | Value: 0.0
Index: 55 | Value: 0.0
Index: 56 | Value: 0.0
Index: 57 | Value: 197.9794464111328
Index: 58 | Value: 235.9605712890625
Index: 59 | Value: 216.3541259765625
Index: 60 | Value: 147.47186279296875
Index: 61 | Value: 186.58363342285156
Index: 62 | Value: 184.20262145996094
Index: 63 | Value: 70.15676879882812
Index: 64 | Value: 107.39065551757812
Index: 65 | Value: 124.42389678955078
Index: 66 | Value: 108.14715576171875
Index: 67 | Value: 109.56888580322266
Index: 68 | Value: 112.93865203857422
Index: 69 | Value: 34.266212463378906
Index: 70 | Value: 41.16054153442383
Index: 71 | Value: 46.0689582824707
Indices [(0, 0.0), (1, 0.0), (2, 0.0), (3, 2375.173583984375), (4, 2428.365966796875), (5, 2402.312744140625), (6, 0.0), (7, 0.0), (8, 0.0), (9, 0.0), (10, 0.0), (11, 0.0), (12, 2369.533447265625), (13, 2417.917724609375), (14, 2395.2509765625), (15, 0.0), (16, 0.0), (17, 0.0), (18, 0.0), (19, 0.0), (20, 0.0), (21, 0.0), (22, 0.0), (23, 0.0), (24, 0.0), (25, 0.0), (26, 0.0), (27, 2365.953369140625), (28, 2399.560302734375), (29, 2388.71923828125), (30, 2364.04150390625), (31, 2398.96142578125), (32, 2388.27978515625), (33, 0.0), (34, 0.0), (35, 0.0), (36, 0.0), (37, 0.0), (38, 0.0), (39, 0.0), (40, 0.0), (41, 0.0), (42, 0.0), (43, 0.0), (44, 0.0), (45, 0.0), (46, 0.0), (47, 0.0), (48, 0.0), (49, 0.0), (50, 0.0), (51, 0.0), (52, 0.0), (53, 0.0), (54, 0.0), (55, 0.0), (56, 0.0), (57, 197.9794464111328), (58, 235.9605712890625), (59, 216.3541259765625), (60, 147.47186279296875), (61, 186.58363342285156), (62, 184.20262145996094), (63, 70.15676879882812), (64, 107.39065551757812), (65, 124.42389678955078), (66, 108.14715576171875), (67, 109.56888580322266), (68, 112.93865203857422), (69, 34.266212463378906), (70, 41.16054153442383), (71, 46.0689582824707)]
0 ... 0.0
 No entry for index 0
1 ... 0.0
 No entry for index 1
2 ... 0.0
 No entry for index 2
3 ... 2375.173583984375
4 ... 2428.365966796875
5 ... 2402.312744140625
6 ... 0.0
7 ... 0.0
8 ... 0.0
9 ... 0.0
10 ... 0.0
11 ... 0.0
12 ... 2369.533447265625
13 ... 2417.917724609375
14 ... 2395.2509765625
15 ... 0.0
16 ... 0.0
17 ... 0.0
18 ... 0.0
19 ... 0.0
20 ... 0.0
21 ... 0.0
22 ... 0.0
23 ... 0.0
24 ... 0.0
25 ... 0.0
26 ... 0.0
27 ... 2365.953369140625
28 ... 2399.560302734375
29 ... 2388.71923828125
30 ... 2364.04150390625
31 ... 2398.96142578125
32 ... 2388.27978515625
33 ... 0.0
34 ... 0.0
35 ... 0.0
36 ... 0.0
37 ... 0.0
38 ... 0.0
39 ... 0.0
40 ... 0.0
41 ... 0.0
42 ... 0.0
43 ... 0.0
44 ... 0.0
45 ... 0.0
46 ... 0.0
47 ... 0.0
48 ... 0.0
49 ... 0.0
50 ... 0.0
51 ... 0.0
52 ... 0.0
53 ... 0.0
54 ... 0.0
55 ... 0.0
56 ... 0.0
57 ... 197.9794464111328
58 ... 235.9605712890625
59 ... 216.3541259765625
60 ... 147.47186279296875
61 ... 186.58363342285156
62 ... 184.20262145996094
63 ... 70.15676879882812
64 ... 107.39065551757812
65 ... 124.42389678955078
66 ... 108.14715576171875
67 ... 109.56888580322266
68 ... 112.93865203857422
69 ... 34.266212463378906
70 ... 41.16054153442383
71 ... 46.0689582824707

--- [DEBUG] ANALOG PACKET RECEIVED ---

--- [DEBUG] ANALOG PACKET RECEIVED ---
Index: 0 | Value: 0.0
Index: 1 | Value: 0.0

--- [DEBUG] ANALOG PACKET RECEIVED ---

--- [DEBUG] ANALOG PACKET RECEIVED ---
Index: 0 | Value: False
Index: 1 | Value: False
binary jeff {'PNV': {'B': {'mrid': '_28d286d7-3422-465e-aede-db39e500786c', 'type': 'angle'}, 'C': {'mrid': '_585f06c4-45fd-4c1d-b946-a5ed1fe224f7', 'type': 'angle'}, 'A': {'mrid': '_fa3e659f-890e-402e-8d05-c5c1d9a2ba83', 'type': 'angle'}}}
binary jeff {'PNV': {'B': {'mrid': '_28d286d7-3422-465e-aede-db39e500786c', 'type': 'angle'}, 'C': {'mrid': '_585f06c4-45fd-4c1d-b946-a5ed1fe224f7', 'type': 'angle'}, 'A': {'mrid': '_fa3e659f-890e-402e-8d05-c5c1d9a2ba83', 'type': 'angle'}}}

--- [DEBUG] ANALOG PACKET RECEIVED ---

--- [DEBUG] ANALOG PACKET RECEIVED ---
Index: 0 | Value: False
Index: 1 | Value: False

--- [DEBUG] ANALOG PACKET RECEIVED ---

--- [DEBUG] ANALOG PACKET RECEIVED ---
Index: 0 | Value: 0.0
Index: 1 | Value: 0.0
Index: 2 | Value: 0.0
Index: 3 | Value: 2374.45068359375
Index: 4 | Value: 2447.227294921875
Index: 5 | Value: 2421.5732421875
Index: 6 | Value: 0.0
Index: 7 | Value: 0.0
Index: 8 | Value: 0.0
Index: 9 | Value: 0.0
Index: 10 | Value: 0.0
Index: 11 | Value: 0.0
Index: 12 | Value: 2369.236083984375
Index: 13 | Value: 2440.382080078125
Index: 14 | Value: 2420.84375
Index: 15 | Value: 0.0
Index: 16 | Value: 0.0
Index: 17 | Value: 0.0
Index: 18 | Value: 0.0
Index: 19 | Value: 0.0
Index: 20 | Value: 0.0
Index: 21 | Value: 0.0
Index: 22 | Value: 0.0
Index: 23 | Value: 0.0
Index: 24 | Value: 0.0
Index: 25 | Value: 0.0
Index: 26 | Value: 0.0
Index: 27 | Value: 2362.693359375
Index: 28 | Value: 2423.39208984375
Index: 29 | Value: 2421.2373046875
Index: 30 | Value: 2359.906494140625
Index: 31 | Value: 2424.380859375
Index: 32 | Value: 2422.7734375
Index: 33 | Value: 0.0
Index: 34 | Value: 0.0
Index: 35 | Value: 0.0
Index: 36 | Value: 0.0
Index: 37 | Value: 0.0
Index: 38 | Value: 0.0
Index: 39 | Value: 0.0
Index: 40 | Value: 0.0
Index: 41 | Value: 0.0
Index: 42 | Value: 0.0
Index: 43 | Value: 0.0
Index: 44 | Value: 0.0
Index: 45 | Value: 0.0
Index: 46 | Value: 0.0
Index: 47 | Value: 0.0
Index: 48 | Value: 0.0
Index: 49 | Value: 0.0
Index: 50 | Value: 0.0
Index: 51 | Value: 0.0
Index: 52 | Value: 0.0
Index: 53 | Value: 0.0
Index: 54 | Value: 0.0
Index: 55 | Value: 0.0
Index: 56 | Value: 0.0
Index: 57 | Value: 189.29319763183594
Index: 58 | Value: 226.9635467529297
Index: 59 | Value: 201.11260986328125
Index: 60 | Value: 157.35757446289062
Index: 61 | Value: 202.00250244140625
Index: 62 | Value: 192.97799682617188
Index: 63 | Value: 74.58847045898438
Index: 64 | Value: 124.21997833251953
Index: 65 | Value: 132.85443115234375
Index: 66 | Value: 112.17291259765625
Index: 67 | Value: 126.94776153564453
Index: 68 | Value: 122.40290069580078
Index: 69 | Value: 24.27142333984375
Index: 70 | Value: 75.61054229736328
Index: 71 | Value: 81.36229705810547
Indices [(0, 0.0), (1, 0.0), (2, 0.0), (3, 2374.45068359375), (4, 2447.227294921875), (5, 2421.5732421875), (6, 0.0), (7, 0.0), (8, 0.0), (9, 0.0), (10, 0.0), (11, 0.0), (12, 2369.236083984375), (13, 2440.382080078125), (14, 2420.84375), (15, 0.0), (16, 0.0), (17, 0.0), (18, 0.0), (19, 0.0), (20, 0.0), (21, 0.0), (22, 0.0), (23, 0.0), (24, 0.0), (25, 0.0), (26, 0.0), (27, 2362.693359375), (28, 2423.39208984375), (29, 2421.2373046875), (30, 2359.906494140625), (31, 2424.380859375), (32, 2422.7734375), (33, 0.0), (34, 0.0), (35, 0.0), (36, 0.0), (37, 0.0), (38, 0.0), (39, 0.0), (40, 0.0), (41, 0.0), (42, 0.0), (43, 0.0), (44, 0.0), (45, 0.0), (46, 0.0), (47, 0.0), (48, 0.0), (49, 0.0), (50, 0.0), (51, 0.0), (52, 0.0), (53, 0.0), (54, 0.0), (55, 0.0), (56, 0.0), (57, 189.29319763183594), (58, 226.9635467529297), (59, 201.11260986328125), (60, 157.35757446289062), (61, 202.00250244140625), (62, 192.97799682617188), (63, 74.58847045898438), (64, 124.21997833251953), (65, 132.85443115234375), (66, 112.17291259765625), (67, 126.94776153564453), (68, 122.40290069580078), (69, 24.27142333984375), (70, 75.61054229736328), (71, 81.36229705810547)]
0 ... 0.0
 No entry for index 0
1 ... 0.0
 No entry for index 1
2 ... 0.0
 No entry for index 2
3 ... 2374.45068359375
4 ... 2447.227294921875
5 ... 2421.5732421875
6 ... 0.0
7 ... 0.0
8 ... 0.0
9 ... 0.0
10 ... 0.0
11 ... 0.0
12 ... 2369.236083984375
13 ... 2440.382080078125
14 ... 2420.84375
15 ... 0.0
16 ... 0.0
17 ... 0.0
18 ... 0.0
19 ... 0.0
20 ... 0.0
21 ... 0.0
22 ... 0.0
23 ... 0.0
24 ... 0.0
25 ... 0.0
26 ... 0.0
27 ... 2362.693359375
28 ... 2423.39208984375
29 ... 2421.2373046875
30 ... 2359.906494140625
31 ... 2424.380859375
32 ... 2422.7734375
33 ... 0.0
34 ... 0.0
35 ... 0.0
36 ... 0.0
37 ... 0.0
38 ... 0.0
39 ... 0.0
40 ... 0.0
41 ... 0.0
42 ... 0.0
43 ... 0.0
44 ... 0.0
45 ... 0.0
46 ... 0.0
47 ... 0.0
48 ... 0.0
49 ... 0.0
50 ... 0.0
51 ... 0.0
52 ... 0.0
53 ... 0.0
54 ... 0.0
55 ... 0.0
56 ... 0.0
57 ... 189.29319763183594
58 ... 226.9635467529297
59 ... 201.11260986328125
60 ... 157.35757446289062
61 ... 202.00250244140625
62 ... 192.97799682617188
63 ... 74.58847045898438
64 ... 124.21997833251953
65 ... 132.85443115234375
66 ... 112.17291259765625
67 ... 126.94776153564453
68 ... 122.40290069580078
69 ... 24.27142333984375
70 ... 75.61054229736328
71 ... 81.36229705810547

--- [DEBUG] ANALOG PACKET RECEIVED ---

--- [DEBUG] ANALOG PACKET RECEIVED ---
Index: 0 | Value: 0.0
Index: 1 | Value: 0.0

--- [DEBUG] ANALOG PACKET RECEIVED ---

--- [DEBUG] ANALOG PACKET RECEIVED ---
Index: 0 | Value: False
Index: 1 | Value: False
binary jeff {'PNV': {'B': {'mrid': '_28d286d7-3422-465e-aede-db39e500786c', 'type': 'angle'}, 'C': {'mrid': '_585f06c4-45fd-4c1d-b946-a5ed1fe224f7', 'type': 'angle'}, 'A': {'mrid': '_fa3e659f-890e-402e-8d05-c5c1d9a2ba83', 'type': 'angle'}}}
binary jeff {'PNV': {'B': {'mrid': '_28d286d7-3422-465e-aede-db39e500786c', 'type': 'angle'}, 'C': {'mrid': '_585f06c4-45fd-4c1d-b946-a5ed1fe224f7', 'type': 'angle'}, 'A': {'mrid': '_fa3e659f-890e-402e-8d05-c5c1d9a2ba83', 'type': 'angle'}}}

--- [DEBUG] ANALOG PACKET RECEIVED ---

--- [DEBUG] ANALOG PACKET RECEIVED ---
Index: 0 | Value: False
Index: 1 | Value: False

--- [DEBUG] ANALOG PACKET RECEIVED ---

--- [DEBUG] ANALOG PACKET RECEIVED ---
Index: 0 | Value: 0.0
Index: 1 | Value: 0.0
Index: 2 | Value: 0.0
Index: 3 | Value: 2360.207763671875
Index: 4 | Value: 2422.01611328125
Index: 5 | Value: 2390.32763671875
Index: 6 | Value: 0.0
Index: 7 | Value: 0.0
Index: 8 | Value: 0.0
Index: 9 | Value: 0.0
Index: 10 | Value: 0.0
Index: 11 | Value: 0.0
Index: 12 | Value: 2350.406005859375
Index: 13 | Value: 2410.5146484375
Index: 14 | Value: 2379.572509765625
Index: 15 | Value: 0.0
Index: 16 | Value: 0.0
Index: 17 | Value: 0.0
Index: 18 | Value: 0.0
Index: 19 | Value: 0.0
Index: 20 | Value: 0.0
Index: 21 | Value: 0.0
Index: 22 | Value: 0.0
Index: 23 | Value: 0.0
Index: 24 | Value: 0.0
Index: 25 | Value: 0.0
Index: 26 | Value: 0.0
Index: 27 | Value: 2345.25390625
Index: 28 | Value: 2395.88525390625
Index: 29 | Value: 2373.04052734375
Index: 30 | Value: 2342.622802734375
Index: 31 | Value: 2396.733642578125
Index: 32 | Value: 2372.609130859375
Index: 33 | Value: 0.0
Index: 34 | Value: 0.0
Index: 35 | Value: 0.0
Index: 36 | Value: 0.0
Index: 37 | Value: 0.0
Index: 38 | Value: 0.0
Index: 39 | Value: 0.0
Index: 40 | Value: 0.0
Index: 41 | Value: 0.0
Index: 42 | Value: 0.0
Index: 43 | Value: 0.0
Index: 44 | Value: 0.0
Index: 45 | Value: 0.0
Index: 46 | Value: 0.0
Index: 47 | Value: 0.0
Index: 48 | Value: 0.0
Index: 49 | Value: 0.0
Index: 50 | Value: 0.0
Index: 51 | Value: 0.0
Index: 52 | Value: 0.0
Index: 53 | Value: 0.0
Index: 54 | Value: 0.0
Index: 55 | Value: 0.0
Index: 56 | Value: 0.0
Index: 57 | Value: 194.77659606933594
Index: 58 | Value: 235.20347595214844
Index: 59 | Value: 209.67857360839844
Index: 60 | Value: 159.05809020996094
Index: 61 | Value: 200.11566162109375
Index: 62 | Value: 191.913330078125
Index: 63 | Value: 79.45462036132812
Index: 64 | Value: 122.80743408203125
Index: 65 | Value: 132.16455078125
Index: 66 | Value: 115.10359954833984
Index: 67 | Value: 127.29631042480469
Index: 68 | Value: 119.5419692993164
Index: 69 | Value: 28.73992347717285
Index: 70 | Value: 81.23674774169922
Index: 71 | Value: 71.07894897460938
Indices [(0, 0.0), (1, 0.0), (2, 0.0), (3, 2360.207763671875), (4, 2422.01611328125), (5, 2390.32763671875), (6, 0.0), (7, 0.0), (8, 0.0), (9, 0.0), (10, 0.0), (11, 0.0), (12, 2350.406005859375), (13, 2410.5146484375), (14, 2379.572509765625), (15, 0.0), (16, 0.0), (17, 0.0), (18, 0.0), (19, 0.0), (20, 0.0), (21, 0.0), (22, 0.0), (23, 0.0), (24, 0.0), (25, 0.0), (26, 0.0), (27, 2345.25390625), (28, 2395.88525390625), (29, 2373.04052734375), (30, 2342.622802734375), (31, 2396.733642578125), (32, 2372.609130859375), (33, 0.0), (34, 0.0), (35, 0.0), (36, 0.0), (37, 0.0), (38, 0.0), (39, 0.0), (40, 0.0), (41, 0.0), (42, 0.0), (43, 0.0), (44, 0.0), (45, 0.0), (46, 0.0), (47, 0.0), (48, 0.0), (49, 0.0), (50, 0.0), (51, 0.0), (52, 0.0), (53, 0.0), (54, 0.0), (55, 0.0), (56, 0.0), (57, 194.77659606933594), (58, 235.20347595214844), (59, 209.67857360839844), (60, 159.05809020996094), (61, 200.11566162109375), (62, 191.913330078125), (63, 79.45462036132812), (64, 122.80743408203125), (65, 132.16455078125), (66, 115.10359954833984), (67, 127.29631042480469), (68, 119.5419692993164), (69, 28.73992347717285), (70, 81.23674774169922), (71, 71.07894897460938)]
0 ... 0.0
 No entry for index 0
1 ... 0.0
 No entry for index 1
2 ... 0.0
 No entry for index 2
3 ... 2360.207763671875
4 ... 2422.01611328125
5 ... 2390.32763671875
6 ... 0.0
7 ... 0.0
8 ... 0.0
9 ... 0.0
10 ... 0.0
11 ... 0.0
12 ... 2350.406005859375
13 ... 2410.5146484375
14 ... 2379.572509765625
15 ... 0.0
16 ... 0.0
17 ... 0.0
18 ... 0.0
19 ... 0.0
20 ... 0.0
21 ... 0.0
22 ... 0.0
23 ... 0.0
24 ... 0.0
25 ... 0.0
26 ... 0.0
27 ... 2345.25390625
28 ... 2395.88525390625
29 ... 2373.04052734375
30 ... 2342.622802734375
31 ... 2396.733642578125
32 ... 2372.609130859375
33 ... 0.0
34 ... 0.0
35 ... 0.0
36 ... 0.0
37 ... 0.0
38 ... 0.0
39 ... 0.0
40 ... 0.0
41 ... 0.0
42 ... 0.0
43 ... 0.0
44 ... 0.0
45 ... 0.0
46 ... 0.0
47 ... 0.0
48 ... 0.0
49 ... 0.0
50 ... 0.0
51 ... 0.0
52 ... 0.0
53 ... 0.0
54 ... 0.0
55 ... 0.0
56 ... 0.0
57 ... 194.77659606933594
58 ... 235.20347595214844
59 ... 209.67857360839844
60 ... 159.05809020996094
61 ... 200.11566162109375
62 ... 191.913330078125
63 ... 79.45462036132812
64 ... 122.80743408203125
65 ... 132.16455078125
66 ... 115.10359954833984
67 ... 127.29631042480469
68 ... 119.5419692993164
69 ... 28.73992347717285
70 ... 81.23674774169922
71 ... 71.07894897460938

--- [DEBUG] ANALOG PACKET RECEIVED ---

--- [DEBUG] ANALOG PACKET RECEIVED ---
Index: 0 | Value: 0.0
Index: 1 | Value: 0.0

--- [DEBUG] ANALOG PACKET RECEIVED ---

--- [DEBUG] ANALOG PACKET RECEIVED ---
Index: 3 | Value: 2376.908447265625
Index: 4 | Value: 2430.0380859375
Index: 5 | Value: 2420.78564453125
Index: 12 | Value: 2372.60595703125
Index: 13 | Value: 2419.78466796875
Indices [(3, 2376.908447265625), (4, 2430.0380859375), (5, 2420.78564453125), (12, 2372.60595703125), (13, 2419.78466796875)]
3 ... 2376.908447265625
4 ... 2430.0380859375
5 ... 2420.78564453125
12 ... 2372.60595703125
13 ... 2419.78466796875

--- [DEBUG] ANALOG PACKET RECEIVED ---

--- [DEBUG] ANALOG PACKET RECEIVED ---
Index: 14 | Value: 2416.8984375
Index: 27 | Value: 2366.689697265625
Index: 28 | Value: 2400.713134765625
Index: 29 | Value: 2407.210693359375
Index: 30 | Value: 2364.26953125
Index: 31 | Value: 2400.050537109375
Index: 32 | Value: 2406.581298828125
Index: 57 | Value: 178.55262756347656
Index: 58 | Value: 236.23373413085938
Index: 59 | Value: 216.5313720703125
Index: 60 | Value: 179.1103515625
Index: 61 | Value: 210.98287963867188
Index: 62 | Value: 210.83302307128906
Index: 63 | Value: 100.8256607055664
Index: 64 | Value: 133.40150451660156
Index: 65 | Value: 151.7433319091797
Index: 66 | Value: 128.48574829101562
Index: 67 | Value: 128.75071716308594
Index: 68 | Value: 130.9420623779297
Index: 69 | Value: 29.563194274902344
Index: 70 | Value: 56.49797821044922
Index: 71 | Value: 50.96741485595703
Indices [(14, 2416.8984375), (27, 2366.689697265625), (28, 2400.713134765625), (29, 2407.210693359375), (30, 2364.26953125), (31, 2400.050537109375), (32, 2406.581298828125), (57, 178.55262756347656), (58, 236.23373413085938), (59, 216.5313720703125), (60, 179.1103515625), (61, 210.98287963867188), (62, 210.83302307128906), (63, 100.8256607055664), (64, 133.40150451660156), (65, 151.7433319091797), (66, 128.48574829101562), (67, 128.75071716308594), (68, 130.9420623779297), (69, 29.563194274902344), (70, 56.49797821044922), (71, 50.96741485595703)]
14 ... 2416.8984375
27 ... 2366.689697265625
28 ... 2400.713134765625
29 ... 2407.210693359375
30 ... 2364.26953125
31 ... 2400.050537109375
32 ... 2406.581298828125
57 ... 178.55262756347656
58 ... 236.23373413085938
59 ... 216.5313720703125
60 ... 179.1103515625
61 ... 210.98287963867188
62 ... 210.83302307128906
63 ... 100.8256607055664
64 ... 133.40150451660156
65 ... 151.7433319091797
66 ... 128.48574829101562
67 ... 128.75071716308594
68 ... 130.9420623779297
69 ... 29.563194274902344
70 ... 56.49797821044922
71 ... 50.96741485595703

--- [DEBUG] ANALOG PACKET RECEIVED ---

--- [DEBUG] ANALOG PACKET RECEIVED ---
Index: 3 | Value: 2365.81689453125
Index: 4 | Value: 2428.58837890625
Index: 5 | Value: 2409.269287109375
Index: 12 | Value: 2358.826904296875
Index: 13 | Value: 2418.505615234375
Indices [(3, 2365.81689453125), (4, 2428.58837890625), (5, 2409.269287109375), (12, 2358.826904296875), (13, 2418.505615234375)]
3 ... 2365.81689453125
4 ... 2428.58837890625
5 ... 2409.269287109375
12 ... 2358.826904296875
13 ... 2418.505615234375

--- [DEBUG] ANALOG PACKET RECEIVED ---

--- [DEBUG] ANALOG PACKET RECEIVED ---
Index: 62 | Value: 211.45652770996094
Index: 63 | Value: 101.05448150634766
Index: 64 | Value: 138.54623413085938
Index: 65 | Value: 151.6394805908203
Index: 66 | Value: 129.6491241455078
Index: 67 | Value: 136.23516845703125
Index: 68 | Value: 130.737548828125
Index: 69 | Value: 26.94345474243164
Index: 70 | Value: 68.75858306884766
Index: 71 | Value: 66.35684204101562
Index: 3 | Value: 2363.77099609375
Index: 4 | Value: 2433.218505859375
Index: 5 | Value: 2395.830810546875
Index: 12 | Value: 2356.69970703125
Index: 13 | Value: 2415.340576171875
Index: 14 | Value: 2390.236328125
Index: 27 | Value: 2350.024169921875
Index: 28 | Value: 2398.12548828125
Index: 29 | Value: 2389.375732421875
Index: 30 | Value: 2347.453369140625
Index: 31 | Value: 2398.66259765625
Index: 32 | Value: 2390.03369140625
Index: 57 | Value: 192.24290466308594
Index: 58 | Value: 237.0131378173828
Index: 59 | Value: 206.57977294921875
Index: 60 | Value: 178.71665954589844
Index: 61 | Value: 215.4322509765625
Indices [(62, 211.45652770996094), (63, 101.05448150634766), (64, 138.54623413085938), (65, 151.6394805908203), (66, 129.6491241455078), (67, 136.23516845703125), (68, 130.737548828125), (69, 26.94345474243164), (70, 68.75858306884766), (71, 66.35684204101562), (3, 2363.77099609375), (4, 2433.218505859375), (5, 2395.830810546875), (12, 2356.69970703125), (13, 2415.340576171875), (14, 2390.236328125), (27, 2350.024169921875), (28, 2398.12548828125), (29, 2389.375732421875), (30, 2347.453369140625), (31, 2398.66259765625), (32, 2390.03369140625), (57, 192.24290466308594), (58, 237.0131378173828), (59, 206.57977294921875), (60, 178.71665954589844), (61, 215.4322509765625)]
62 ... 211.45652770996094
63 ... 101.05448150634766
64 ... 138.54623413085938
65 ... 151.6394805908203
66 ... 129.6491241455078
67 ... 136.23516845703125
68 ... 130.737548828125
69 ... 26.94345474243164
70 ... 68.75858306884766
71 ... 66.35684204101562
3 ... 2363.77099609375
4 ... 2433.218505859375
5 ... 2395.830810546875
12 ... 2356.69970703125
13 ... 2415.340576171875
14 ... 2390.236328125
27 ... 2350.024169921875
28 ... 2398.12548828125
29 ... 2389.375732421875
30 ... 2347.453369140625
31 ... 2398.66259765625
32 ... 2390.03369140625
57 ... 192.24290466308594
58 ... 237.0131378173828
59 ... 206.57977294921875
60 ... 178.71665954589844
61 ... 215.4322509765625

--- [DEBUG] ANALOG PACKET RECEIVED ---

--- [DEBUG] ANALOG PACKET RECEIVED ---
Index: 3 | Value: 2361.89794921875
Index: 4 | Value: 2413.41259765625
Index: 5 | Value: 2395.149169921875
Index: 12 | Value: 2353.801513671875
Index: 13 | Value: 2399.485595703125
Index: 14 | Value: 2388.606689453125
Index: 27 | Value: 2347.4765625
Index: 28 | Value: 2382.7783203125
Index: 29 | Value: 2388.75927734375
Index: 30 | Value: 2344.84716796875
Index: 31 | Value: 2383.26171875
Index: 32 | Value: 2389.7861328125
Index: 57 | Value: 197.4442901611328
Index: 58 | Value: 240.07717895507812
Index: 59 | Value: 224.1133575439453
Index: 60 | Value: 178.3717041015625
Index: 61 | Value: 213.4051055908203
Index: 62 | Value: 206.11151123046875
Index: 63 | Value: 101.09223937988281
Index: 64 | Value: 136.2605438232422
Index: 65 | Value: 146.97996520996094
Index: 66 | Value: 131.3634033203125
Index: 67 | Value: 132.98583984375
Index: 68 | Value: 128.4954833984375
Index: 69 | Value: 27.29509925842285
Index: 70 | Value: 71.36204528808594
Index: 71 | Value: 66.36418914794922
Indices [(3, 2361.89794921875), (4, 2413.41259765625), (5, 2395.149169921875), (12, 2353.801513671875), (13, 2399.485595703125), (14, 2388.606689453125), (27, 2347.4765625), (28, 2382.7783203125), (29, 2388.75927734375), (30, 2344.84716796875), (31, 2383.26171875), (32, 2389.7861328125), (57, 197.4442901611328), (58, 240.07717895507812), (59, 224.1133575439453), (60, 178.3717041015625), (61, 213.4051055908203), (62, 206.11151123046875), (63, 101.09223937988281), (64, 136.2605438232422), (65, 146.97996520996094), (66, 131.3634033203125), (67, 132.98583984375), (68, 128.4954833984375), (69, 27.29509925842285), (70, 71.36204528808594), (71, 66.36418914794922)]
3 ... 2361.89794921875
4 ... 2413.41259765625
5 ... 2395.149169921875
12 ... 2353.801513671875
13 ... 2399.485595703125
14 ... 2388.606689453125
27 ... 2347.4765625
28 ... 2382.7783203125
29 ... 2388.75927734375
30 ... 2344.84716796875
31 ... 2383.26171875
32 ... 2389.7861328125
57 ... 197.4442901611328
58 ... 240.07717895507812
59 ... 224.1133575439453
60 ... 178.3717041015625
61 ... 213.4051055908203
62 ... 206.11151123046875
63 ... 101.09223937988281
64 ... 136.2605438232422
65 ... 146.97996520996094
66 ... 131.3634033203125
67 ... 132.98583984375
68 ... 128.4954833984375
69 ... 27.29509925842285
70 ... 71.36204528808594
71 ... 66.36418914794922

--- [DEBUG] ANALOG PACKET RECEIVED ---

--- [DEBUG] ANALOG PACKET RECEIVED ---
Index: 3 | Value: 2354.60400390625
Index: 4 | Value: 2413.650146484375
Index: 5 | Value: 2401.185791015625
Index: 12 | Value: 2345.0576171875
Index: 13 | Value: 2399.468017578125
Indices [(3, 2354.60400390625), (4, 2413.650146484375), (5, 2401.185791015625), (12, 2345.0576171875), (13, 2399.468017578125)]
3 ... 2354.60400390625
4 ... 2413.650146484375
5 ... 2401.185791015625
12 ... 2345.0576171875
13 ... 2399.468017578125

--- [DEBUG] ANALOG PACKET RECEIVED ---

--- [DEBUG] ANALOG PACKET RECEIVED ---
Index: 14 | Value: 2394.694580078125
Index: 27 | Value: 2339.5166015625
Index: 28 | Value: 2381.83056640625
Index: 29 | Value: 2389.493408203125
Index: 30 | Value: 2337.244873046875
Index: 31 | Value: 2381.40380859375
Index: 32 | Value: 2388.885986328125
Index: 57 | Value: 209.9499969482422
Index: 58 | Value: 271.4686279296875
Index: 59 | Value: 232.01084899902344
Index: 60 | Value: 174.0994415283203
Index: 61 | Value: 210.24232482910156
Index: 62 | Value: 206.67552185058594
Index: 63 | Value: 96.2345199584961
Index: 64 | Value: 133.52450561523438
Index: 65 | Value: 146.86224365234375
Index: 66 | Value: 128.38525390625
Index: 67 | Value: 134.9441375732422
Index: 68 | Value: 129.8134765625
Index: 69 | Value: 28.313011169433594
Index: 70 | Value: 72.76868438720703
Index: 71 | Value: 63.33549499511719
Indices [(14, 2394.694580078125), (27, 2339.5166015625), (28, 2381.83056640625), (29, 2389.493408203125), (30, 2337.244873046875), (31, 2381.40380859375), (32, 2388.885986328125), (57, 209.9499969482422), (58, 271.4686279296875), (59, 232.01084899902344), (60, 174.0994415283203), (61, 210.24232482910156), (62, 206.67552185058594), (63, 96.2345199584961), (64, 133.52450561523438), (65, 146.86224365234375), (66, 128.38525390625), (67, 134.9441375732422), (68, 129.8134765625), (69, 28.313011169433594), (70, 72.76868438720703), (71, 63.33549499511719)]
14 ... 2394.694580078125
27 ... 2339.5166015625
28 ... 2381.83056640625
29 ... 2389.493408203125
30 ... 2337.244873046875
31 ... 2381.40380859375
32 ... 2388.885986328125
57 ... 209.9499969482422
58 ... 271.4686279296875
59 ... 232.01084899902344
60 ... 174.0994415283203
61 ... 210.24232482910156
62 ... 206.67552185058594
63 ... 96.2345199584961
64 ... 133.52450561523438
65 ... 146.86224365234375
66 ... 128.38525390625
67 ... 134.9441375732422
68 ... 129.8134765625
69 ... 28.313011169433594
70 ... 72.76868438720703
71 ... 63.33549499511719

--- [DEBUG] ANALOG PACKET RECEIVED ---

--- [DEBUG] ANALOG PACKET RECEIVED ---
Index: 3 | Value: 2385.282470703125
Index: 4 | Value: 2434.9951171875
Index: 5 | Value: 2411.351806640625
Index: 12 | Value: 2380.918701171875
Index: 13 | Value: 2426.3203125
Indices [(3, 2385.282470703125), (4, 2434.9951171875), (5, 2411.351806640625), (12, 2380.918701171875), (13, 2426.3203125)]
3 ... 2385.282470703125
4 ... 2434.9951171875
5 ... 2411.351806640625
12 ... 2380.918701171875
13 ... 2426.3203125

--- [DEBUG] ANALOG PACKET RECEIVED ---

--- [DEBUG] ANALOG PACKET RECEIVED ---
Index: 14 | Value: 2409.75146484375
Index: 27 | Value: 2372.018798828125
Index: 28 | Value: 2409.0029296875
Index: 29 | Value: 2409.771728515625
Index: 30 | Value: 2369.224609375
Index: 31 | Value: 2409.244140625
Index: 32 | Value: 2411.021484375
Index: 57 | Value: 178.25701904296875
Index: 58 | Value: 218.07859802246094
Index: 59 | Value: 213.4514617919922
Index: 60 | Value: 153.17498779296875
Index: 61 | Value: 196.74822998046875
Index: 62 | Value: 188.792236328125
Index: 63 | Value: 71.41741943359375
Index: 64 | Value: 120.06781005859375
Index: 65 | Value: 129.23646545410156
Index: 66 | Value: 111.38536071777344
Index: 67 | Value: 121.44120788574219
Index: 68 | Value: 120.01502990722656
Index: 69 | Value: 29.526687622070312
Index: 70 | Value: 66.01887512207031
Index: 71 | Value: 79.1191635131836
Indices [(14, 2409.75146484375), (27, 2372.018798828125), (28, 2409.0029296875), (29, 2409.771728515625), (30, 2369.224609375), (31, 2409.244140625), (32, 2411.021484375), (57, 178.25701904296875), (58, 218.07859802246094), (59, 213.4514617919922), (60, 153.17498779296875), (61, 196.74822998046875), (62, 188.792236328125), (63, 71.41741943359375), (64, 120.06781005859375), (65, 129.23646545410156), (66, 111.38536071777344), (67, 121.44120788574219), (68, 120.01502990722656), (69, 29.526687622070312), (70, 66.01887512207031), (71, 79.1191635131836)]
14 ... 2409.75146484375
27 ... 2372.018798828125
28 ... 2409.0029296875
29 ... 2409.771728515625
30 ... 2369.224609375
31 ... 2409.244140625
32 ... 2411.021484375
57 ... 178.25701904296875
58 ... 218.07859802246094
59 ... 213.4514617919922
60 ... 153.17498779296875
61 ... 196.74822998046875
62 ... 188.792236328125
63 ... 71.41741943359375
64 ... 120.06781005859375
65 ... 129.23646545410156
66 ... 111.38536071777344
67 ... 121.44120788574219
68 ... 120.01502990722656
69 ... 29.526687622070312
70 ... 66.01887512207031
71 ... 79.1191635131836

--- [DEBUG] ANALOG PACKET RECEIVED ---

--- [DEBUG] ANALOG PACKET RECEIVED ---
Index: 3 | Value: 2372.786376953125
Index: 4 | Value: 2428.428466796875
Index: 5 | Value: 2423.538818359375
Index: 12 | Value: 2367.909423828125
Index: 13 | Value: 2414.76171875
Indices [(3, 2372.786376953125), (4, 2428.428466796875), (5, 2423.538818359375), (12, 2367.909423828125), (13, 2414.76171875)]
3 ... 2372.786376953125
4 ... 2428.428466796875
5 ... 2423.538818359375
12 ... 2367.909423828125
13 ... 2414.76171875

--- [DEBUG] ANALOG PACKET RECEIVED ---

--- [DEBUG] ANALOG PACKET RECEIVED ---
Index: 3 | Value: 2370.0185546875
Index: 4 | Value: 2429.1611328125
Index: 5 | Value: 2407.744873046875
Index: 12 | Value: 2364.511474609375
Index: 13 | Value: 2421.78759765625
Index: 14 | Value: 2406.112060546875
Index: 27 | Value: 2357.59423828125
Index: 28 | Value: 2401.737060546875
Index: 29 | Value: 2405.710693359375
Index: 30 | Value: 2354.846923828125
Index: 31 | Value: 2401.173095703125
Index: 32 | Value: 2406.85986328125
Index: 57 | Value: 179.31204223632812
Index: 58 | Value: 213.06211853027344
Index: 59 | Value: 183.83628845214844
Index: 60 | Value: 158.08242797851562
Index: 61 | Value: 193.58663940429688
Index: 62 | Value: 193.42384338378906
Index: 63 | Value: 75.28951263427734
Index: 64 | Value: 115.24376678466797
Index: 65 | Value: 133.23358154296875
Index: 66 | Value: 115.18946838378906
Index: 67 | Value: 115.0163803100586
Index: 68 | Value: 121.40355682373047
Index: 69 | Value: 29.379392623901367
Index: 70 | Value: 55.86524200439453
Index: 71 | Value: 72.19994354248047
Indices [(3, 2370.0185546875), (4, 2429.1611328125), (5, 2407.744873046875), (12, 2364.511474609375), (13, 2421.78759765625), (14, 2406.112060546875), (27, 2357.59423828125), (28, 2401.737060546875), (29, 2405.710693359375), (30, 2354.846923828125), (31, 2401.173095703125), (32, 2406.85986328125), (57, 179.31204223632812), (58, 213.06211853027344), (59, 183.83628845214844), (60, 158.08242797851562), (61, 193.58663940429688), (62, 193.42384338378906), (63, 75.28951263427734), (64, 115.24376678466797), (65, 133.23358154296875), (66, 115.18946838378906), (67, 115.0163803100586), (68, 121.40355682373047), (69, 29.379392623901367), (70, 55.86524200439453), (71, 72.19994354248047)]
3 ... 2370.0185546875
4 ... 2429.1611328125
5 ... 2407.744873046875
12 ... 2364.511474609375
13 ... 2421.78759765625
14 ... 2406.112060546875
27 ... 2357.59423828125
28 ... 2401.737060546875
29 ... 2405.710693359375
30 ... 2354.846923828125
31 ... 2401.173095703125
32 ... 2406.85986328125
57 ... 179.31204223632812
58 ... 213.06211853027344
59 ... 183.83628845214844
60 ... 158.08242797851562
61 ... 193.58663940429688
62 ... 193.42384338378906
63 ... 75.28951263427734
64 ... 115.24376678466797
65 ... 133.23358154296875
66 ... 115.18946838378906
67 ... 115.0163803100586
68 ... 121.40355682373047
69 ... 29.379392623901367
70 ... 55.86524200439453
71 ... 72.19994354248047

--- [DEBUG] ANALOG PACKET RECEIVED ---

--- [DEBUG] ANALOG PACKET RECEIVED ---
Index: 3 | Value: 2373.781005859375
Index: 4 | Value: 2413.24560546875
Index: 5 | Value: 2403.05224609375
Index: 12 | Value: 2367.231201171875
Index: 13 | Value: 2400.8505859375
Indices [(3, 2373.781005859375), (4, 2413.24560546875), (5, 2403.05224609375), (12, 2367.231201171875), (13, 2400.8505859375)]
3 ... 2373.781005859375
4 ... 2413.24560546875
5 ... 2403.05224609375
12 ... 2367.231201171875
13 ... 2400.8505859375

--- [DEBUG] ANALOG PACKET RECEIVED ---

--- [DEBUG] ANALOG PACKET RECEIVED ---
Index: 14 | Value: 2395.87060546875
Index: 27 | Value: 2362.4404296875
Index: 28 | Value: 2383.935546875
Index: 29 | Value: 2387.645751953125
Index: 30 | Value: 2360.50634765625
Index: 31 | Value: 2383.33349609375
Index: 32 | Value: 2386.904541015625
Index: 57 | Value: 206.3387908935547
Index: 58 | Value: 240.40322875976562
Index: 59 | Value: 233.44085693359375
Index: 60 | Value: 162.56517028808594
Index: 61 | Value: 195.7233123779297
Index: 62 | Value: 192.94454956054688
Index: 63 | Value: 85.95809173583984
Index: 64 | Value: 116.93803405761719
Index: 65 | Value: 133.14894104003906
Index: 66 | Value: 117.40770721435547
Index: 67 | Value: 117.78507995605469
Index: 68 | Value: 120.22074890136719
Index: 69 | Value: 31.023969650268555
Index: 70 | Value: 56.202171325683594
Index: 71 | Value: 51.67348098754883
Indices [(14, 2395.87060546875), (27, 2362.4404296875), (28, 2383.935546875), (29, 2387.645751953125), (30, 2360.50634765625), (31, 2383.33349609375), (32, 2386.904541015625), (57, 206.3387908935547), (58, 240.40322875976562), (59, 233.44085693359375), (60, 162.56517028808594), (61, 195.7233123779297), (62, 192.94454956054688), (63, 85.95809173583984), (64, 116.93803405761719), (65, 133.14894104003906), (66, 117.40770721435547), (67, 117.78507995605469), (68, 120.22074890136719), (69, 31.023969650268555), (70, 56.202171325683594), (71, 51.67348098754883)]
14 ... 2395.87060546875
27 ... 2362.4404296875
28 ... 2383.935546875
29 ... 2387.645751953125
30 ... 2360.50634765625
31 ... 2383.33349609375
32 ... 2386.904541015625
57 ... 206.3387908935547
58 ... 240.40322875976562
59 ... 233.44085693359375
60 ... 162.56517028808594
61 ... 195.7233123779297
62 ... 192.94454956054688
63 ... 85.95809173583984
64 ... 116.93803405761719
65 ... 133.14894104003906
66 ... 117.40770721435547
67 ... 117.78507995605469
68 ... 120.22074890136719
69 ... 31.023969650268555
70 ... 56.202171325683594
71 ... 51.67348098754883

--- [DEBUG] ANALOG PACKET RECEIVED ---

--- [DEBUG] ANALOG PACKET RECEIVED ---
Index: 3 | Value: 2375.30859375
Index: 4 | Value: 2438.99560546875
Index: 5 | Value: 2423.63330078125
Index: 12 | Value: 2369.544677734375
Index: 13 | Value: 2430.790771484375
Index: 14 | Value: 2421.999267578125
Index: 27 | Value: 2365.154541015625
Index: 28 | Value: 2413.5888671875
Index: 29 | Value: 2417.344970703125
Index: 30 | Value: 2363.37744140625
Index: 31 | Value: 2413.40087890625
Index: 32 | Value: 2417.742919921875
Index: 57 | Value: 197.4257049560547
Index: 58 | Value: 238.9507598876953
Index: 59 | Value: 211.79893493652344
Index: 60 | Value: 162.6684112548828
Index: 61 | Value: 196.34426879882812
Index: 62 | Value: 191.26927185058594
Index: 63 | Value: 86.44857025146484
Index: 64 | Value: 117.2707748413086
Index: 65 | Value: 131.2489013671875
Index: 66 | Value: 117.29986572265625
Index: 67 | Value: 117.91710662841797
Index: 68 | Value: 115.77767181396484
Index: 69 | Value: 31.544443130493164
Index: 70 | Value: 55.31208801269531
Index: 71 | Value: 51.43144226074219
Indices [(3, 2375.30859375), (4, 2438.99560546875), (5, 2423.63330078125), (12, 2369.544677734375), (13, 2430.790771484375), (14, 2421.999267578125), (27, 2365.154541015625), (28, 2413.5888671875), (29, 2417.344970703125), (30, 2363.37744140625), (31, 2413.40087890625), (32, 2417.742919921875), (57, 197.4257049560547), (58, 238.9507598876953), (59, 211.79893493652344), (60, 162.6684112548828), (61, 196.34426879882812), (62, 191.26927185058594), (63, 86.44857025146484), (64, 117.2707748413086), (65, 131.2489013671875), (66, 117.29986572265625), (67, 117.91710662841797), (68, 115.77767181396484), (69, 31.544443130493164), (70, 55.31208801269531), (71, 51.43144226074219)]
3 ... 2375.30859375
4 ... 2438.99560546875
5 ... 2423.63330078125
12 ... 2369.544677734375
13 ... 2430.790771484375
14 ... 2421.999267578125
27 ... 2365.154541015625
28 ... 2413.5888671875
29 ... 2417.344970703125
30 ... 2363.37744140625
31 ... 2413.40087890625
32 ... 2417.742919921875
57 ... 197.4257049560547
58 ... 238.9507598876953
59 ... 211.79893493652344
60 ... 162.6684112548828
61 ... 196.34426879882812
62 ... 191.26927185058594
63 ... 86.44857025146484
64 ... 117.2707748413086
65 ... 131.2489013671875
66 ... 117.29986572265625
67 ... 117.91710662841797
68 ... 115.77767181396484
69 ... 31.544443130493164
70 ... 55.31208801269531
71 ... 51.43144226074219

--- [DEBUG] ANALOG PACKET RECEIVED ---

--- [DEBUG] ANALOG PACKET RECEIVED ---
Index: 3 | Value: 2356.735107421875
Index: 4 | Value: 2417.383544921875
Index: 5 | Value: 2385.666015625
Index: 12 | Value: 2346.432861328125
Index: 13 | Value: 2405.236328125
Indices [(3, 2356.735107421875), (4, 2417.383544921875), (5, 2385.666015625), (12, 2346.432861328125), (13, 2405.236328125)]
3 ... 2356.735107421875
4 ... 2417.383544921875
5 ... 2385.666015625
12 ... 2346.432861328125
13 ... 2405.236328125

--- [DEBUG] ANALOG PACKET RECEIVED ---

--- [DEBUG] ANALOG PACKET RECEIVED ---
Index: 3 | Value: 2358.70068359375
Index: 4 | Value: 2409.30810546875
Index: 5 | Value: 2385.706787109375
Index: 12 | Value: 2349.351318359375
Index: 13 | Value: 2396.087646484375
Index: 14 | Value: 2375.070068359375
Index: 27 | Value: 2344.189208984375
Index: 28 | Value: 2380.0263671875
Index: 29 | Value: 2370.013671875
Index: 30 | Value: 2341.749267578125
Index: 31 | Value: 2380.348388671875
Index: 32 | Value: 2369.95654296875
Index: 57 | Value: 211.72186279296875
Index: 58 | Value: 245.25926208496094
Index: 59 | Value: 234.17552185058594
Index: 60 | Value: 172.15939331054688
Index: 61 | Value: 210.48654174804688
Index: 62 | Value: 204.08982849121094
Index: 63 | Value: 93.82879638671875
Index: 64 | Value: 134.20806884765625
Index: 65 | Value: 144.22596740722656
Index: 66 | Value: 127.83596801757812
Index: 67 | Value: 135.4600067138672
Index: 68 | Value: 131.6367950439453
Index: 69 | Value: 32.34732437133789
Index: 70 | Value: 77.51139831542969
Index: 71 | Value: 69.677490234375
Indices [(3, 2358.70068359375), (4, 2409.30810546875), (5, 2385.706787109375), (12, 2349.351318359375), (13, 2396.087646484375), (14, 2375.070068359375), (27, 2344.189208984375), (28, 2380.0263671875), (29, 2370.013671875), (30, 2341.749267578125), (31, 2380.348388671875), (32, 2369.95654296875), (57, 211.72186279296875), (58, 245.25926208496094), (59, 234.17552185058594), (60, 172.15939331054688), (61, 210.48654174804688), (62, 204.08982849121094), (63, 93.82879638671875), (64, 134.20806884765625), (65, 144.22596740722656), (66, 127.83596801757812), (67, 135.4600067138672), (68, 131.6367950439453), (69, 32.34732437133789), (70, 77.51139831542969), (71, 69.677490234375)]
3 ... 2358.70068359375
4 ... 2409.30810546875
5 ... 2385.706787109375
12 ... 2349.351318359375
13 ... 2396.087646484375
14 ... 2375.070068359375
27 ... 2344.189208984375
28 ... 2380.0263671875
29 ... 2370.013671875
30 ... 2341.749267578125
31 ... 2380.348388671875
32 ... 2369.95654296875
57 ... 211.72186279296875
58 ... 245.25926208496094
59 ... 234.17552185058594
60 ... 172.15939331054688
61 ... 210.48654174804688
62 ... 204.08982849121094
63 ... 93.82879638671875
64 ... 134.20806884765625
65 ... 144.22596740722656
66 ... 127.83596801757812
67 ... 135.4600067138672
68 ... 131.6367950439453
69 ... 32.34732437133789
70 ... 77.51139831542969
71 ... 69.677490234375

--- [DEBUG] ANALOG PACKET RECEIVED ---

--- [DEBUG] ANALOG PACKET RECEIVED ---
Index: 3 | Value: 2358.00732421875
Index: 4 | Value: 2404.488037109375
Index: 5 | Value: 2400.25341796875
Index: 12 | Value: 2348.485107421875
Index: 13 | Value: 2391.123291015625
Index: 14 | Value: 2392.16064453125
Index: 27 | Value: 2342.524658203125
Index: 28 | Value: 2374.6123046875
Index: 29 | Value: 2385.714599609375
Index: 30 | Value: 2339.91943359375
Index: 31 | Value: 2374.459228515625
Index: 32 | Value: 2385.548583984375
Index: 57 | Value: 208.62896728515625
Index: 58 | Value: 257.538818359375
Index: 59 | Value: 247.8859100341797
Index: 60 | Value: 173.316650390625
Index: 61 | Value: 208.19842529296875
Index: 62 | Value: 200.88294982910156
Index: 63 | Value: 94.56988525390625
Index: 64 | Value: 131.63162231445312
Index: 65 | Value: 140.5815887451172
Index: 66 | Value: 128.68601989746094
Index: 67 | Value: 133.21084594726562
Index: 68 | Value: 129.0233612060547
Index: 69 | Value: 31.885066986083984
Index: 70 | Value: 76.67317199707031
Index: 71 | Value: 66.31098937988281
Indices [(3, 2358.00732421875), (4, 2404.488037109375), (5, 2400.25341796875), (12, 2348.485107421875), (13, 2391.123291015625), (14, 2392.16064453125), (27, 2342.524658203125), (28, 2374.6123046875), (29, 2385.714599609375), (30, 2339.91943359375), (31, 2374.459228515625), (32, 2385.548583984375), (57, 208.62896728515625), (58, 257.538818359375), (59, 247.8859100341797), (60, 173.316650390625), (61, 208.19842529296875), (62, 200.88294982910156), (63, 94.56988525390625), (64, 131.63162231445312), (65, 140.5815887451172), (66, 128.68601989746094), (67, 133.21084594726562), (68, 129.0233612060547), (69, 31.885066986083984), (70, 76.67317199707031), (71, 66.31098937988281)]
3 ... 2358.00732421875
4 ... 2404.488037109375
5 ... 2400.25341796875
12 ... 2348.485107421875
13 ... 2391.123291015625
14 ... 2392.16064453125
27 ... 2342.524658203125
28 ... 2374.6123046875
29 ... 2385.714599609375
30 ... 2339.91943359375
31 ... 2374.459228515625
32 ... 2385.548583984375
57 ... 208.62896728515625
58 ... 257.538818359375
59 ... 247.8859100341797
60 ... 173.316650390625
61 ... 208.19842529296875
62 ... 200.88294982910156
63 ... 94.56988525390625
64 ... 131.63162231445312
65 ... 140.5815887451172
66 ... 128.68601989746094
67 ... 133.21084594726562
68 ... 129.0233612060547
69 ... 31.885066986083984
70 ... 76.67317199707031
71 ... 66.31098937988281

--- [DEBUG] ANALOG PACKET RECEIVED ---

--- [DEBUG] ANALOG PACKET RECEIVED ---
Index: 3 | Value: 2360.02001953125
Index: 4 | Value: 2406.647705078125
Index: 5 | Value: 2401.895263671875
Index: 12 | Value: 2350.457275390625
Index: 13 | Value: 2392.017578125
Indices [(3, 2360.02001953125), (4, 2406.647705078125), (5, 2401.895263671875), (12, 2350.457275390625), (13, 2392.017578125)]
3 ... 2360.02001953125
4 ... 2406.647705078125
5 ... 2401.895263671875
12 ... 2350.457275390625
13 ... 2392.017578125

--- [DEBUG] ANALOG PACKET RECEIVED ---

--- [DEBUG] ANALOG PACKET RECEIVED ---
Index: 14 | Value: 2395.3681640625
Index: 27 | Value: 2344.0712890625
Index: 28 | Value: 2378.457275390625
Index: 29 | Value: 2392.6318359375
Index: 30 | Value: 2342.762451171875
Index: 31 | Value: 2377.566162109375
Index: 32 | Value: 2393.324951171875
Index: 57 | Value: 196.74510192871094
Index: 58 | Value: 247.45513916015625
Index: 59 | Value: 228.30126953125
Index: 60 | Value: 177.5756072998047
Index: 61 | Value: 206.57708740234375
Index: 62 | Value: 206.0067901611328
Index: 63 | Value: 99.3349380493164
Index: 64 | Value: 128.88803100585938
Index: 65 | Value: 148.09266662597656
Index: 66 | Value: 127.77538299560547
Index: 67 | Value: 126.23863983154297
Index: 68 | Value: 127.8680419921875
Index: 69 | Value: 25.073013305664062
Index: 70 | Value: 63.66666030883789
Index: 71 | Value: 64.64879608154297
Indices [(14, 2395.3681640625), (27, 2344.0712890625), (28, 2378.457275390625), (29, 2392.6318359375), (30, 2342.762451171875), (31, 2377.566162109375), (32, 2393.324951171875), (57, 196.74510192871094), (58, 247.45513916015625), (59, 228.30126953125), (60, 177.5756072998047), (61, 206.57708740234375), (62, 206.0067901611328), (63, 99.3349380493164), (64, 128.88803100585938), (65, 148.09266662597656), (66, 127.77538299560547), (67, 126.23863983154297), (68, 127.8680419921875), (69, 25.073013305664062), (70, 63.66666030883789), (71, 64.64879608154297)]
14 ... 2395.3681640625
27 ... 2344.0712890625
28 ... 2378.457275390625
29 ... 2392.6318359375
30 ... 2342.762451171875
31 ... 2377.566162109375
32 ... 2393.324951171875
57 ... 196.74510192871094
58 ... 247.45513916015625
59 ... 228.30126953125
60 ... 177.5756072998047
61 ... 206.57708740234375
62 ... 206.0067901611328
63 ... 99.3349380493164
64 ... 128.88803100585938
65 ... 148.09266662597656
66 ... 127.77538299560547
67 ... 126.23863983154297
68 ... 127.8680419921875
69 ... 25.073013305664062
70 ... 63.66666030883789
71 ... 64.64879608154297

--- [DEBUG] ANALOG PACKET RECEIVED ---

--- [DEBUG] ANALOG PACKET RECEIVED ---
Index: 3 | Value: 2389.25146484375
Index: 4 | Value: 2425.647216796875
Index: 5 | Value: 2419.609375
Index: 12 | Value: 2387.6826171875
Index: 13 | Value: 2415.06591796875
Indices [(3, 2389.25146484375), (4, 2425.647216796875), (5, 2419.609375), (12, 2387.6826171875), (13, 2415.06591796875)]
3 ... 2389.25146484375
4 ... 2425.647216796875
5 ... 2419.609375
12 ... 2387.6826171875
13 ... 2415.06591796875

--- [DEBUG] ANALOG PACKET RECEIVED ---

--- [DEBUG] ANALOG PACKET RECEIVED ---
Index: 14 | Value: 2415.78857421875
Index: 27 | Value: 2384.525390625
Index: 28 | Value: 2396.228271484375
Index: 29 | Value: 2407.19775390625
Index: 30 | Value: 2383.184326171875
Index: 31 | Value: 2395.046875
Index: 32 | Value: 2409.007080078125
Index: 57 | Value: 171.46014404296875
Index: 58 | Value: 219.4171142578125
Index: 59 | Value: 204.32528686523438
Index: 60 | Value: 151.98365783691406
Index: 61 | Value: 189.87567138671875
Index: 62 | Value: 179.3001251220703
Index: 63 | Value: 73.81173706054688
Index: 64 | Value: 107.40208435058594
Index: 65 | Value: 118.7166976928711
Index: 66 | Value: 109.33504486083984
Index: 67 | Value: 109.20481872558594
Index: 68 | Value: 110.57464599609375
Index: 69 | Value: 35.53256607055664
Index: 70 | Value: 42.793670654296875
Index: 71 | Value: 51.25275802612305
Indices [(14, 2415.78857421875), (27, 2384.525390625), (28, 2396.228271484375), (29, 2407.19775390625), (30, 2383.184326171875), (31, 2395.046875), (32, 2409.007080078125), (57, 171.46014404296875), (58, 219.4171142578125), (59, 204.32528686523438), (60, 151.98365783691406), (61, 189.87567138671875), (62, 179.3001251220703), (63, 73.81173706054688), (64, 107.40208435058594), (65, 118.7166976928711), (66, 109.33504486083984), (67, 109.20481872558594), (68, 110.57464599609375), (69, 35.53256607055664), (70, 42.793670654296875), (71, 51.25275802612305)]
14 ... 2415.78857421875
27 ... 2384.525390625
28 ... 2396.228271484375
29 ... 2407.19775390625
30 ... 2383.184326171875
31 ... 2395.046875
32 ... 2409.007080078125
57 ... 171.46014404296875
58 ... 219.4171142578125
59 ... 204.32528686523438
60 ... 151.98365783691406
61 ... 189.87567138671875
62 ... 179.3001251220703
63 ... 73.81173706054688
64 ... 107.40208435058594
65 ... 118.7166976928711
66 ... 109.33504486083984
67 ... 109.20481872558594
68 ... 110.57464599609375
69 ... 35.53256607055664
70 ... 42.793670654296875
71 ... 51.25275802612305

--- [DEBUG] ANALOG PACKET RECEIVED ---

--- [DEBUG] ANALOG PACKET RECEIVED ---
Index: 3 | Value: 2373.747314453125
Index: 4 | Value: 2432.52880859375
Index: 5 | Value: 2407.81396484375
Index: 12 | Value: 2368.34375
Index: 13 | Value: 2423.19287109375
Indices [(3, 2373.747314453125), (4, 2432.52880859375), (5, 2407.81396484375), (12, 2368.34375), (13, 2423.19287109375)]
3 ... 2373.747314453125
4 ... 2432.52880859375
5 ... 2407.81396484375
12 ... 2368.34375
13 ... 2423.19287109375

--- [DEBUG] ANALOG PACKET RECEIVED ---

--- [DEBUG] ANALOG PACKET RECEIVED ---
Index: 14 | Value: 2402.100341796875
Index: 27 | Value: 2363.282958984375
Index: 28 | Value: 2409.60888671875
Index: 29 | Value: 2398.6435546875
Index: 30 | Value: 2361.03173828125
Index: 31 | Value: 2410.69580078125
Index: 32 | Value: 2399.196044921875
Index: 57 | Value: 174.55918884277344
Index: 58 | Value: 214.60693359375
Index: 59 | Value: 183.50750732421875
Index: 60 | Value: 155.922119140625
Index: 61 | Value: 196.22064208984375
Index: 62 | Value: 185.9110565185547
Index: 63 | Value: 75.87953186035156
Index: 64 | Value: 116.24319458007812
Index: 65 | Value: 125.48091888427734
Index: 66 | Value: 109.74292755126953
Index: 67 | Value: 120.24855041503906
Index: 68 | Value: 113.76397705078125
Index: 69 | Value: 27.237462997436523
Index: 70 | Value: 75.33575439453125
Index: 71 | Value: 68.56387329101562
Indices [(14, 2402.100341796875), (27, 2363.282958984375), (28, 2409.60888671875), (29, 2398.6435546875), (30, 2361.03173828125), (31, 2410.69580078125), (32, 2399.196044921875), (57, 174.55918884277344), (58, 214.60693359375), (59, 183.50750732421875), (60, 155.922119140625), (61, 196.22064208984375), (62, 185.9110565185547), (63, 75.87953186035156), (64, 116.24319458007812), (65, 125.48091888427734), (66, 109.74292755126953), (67, 120.24855041503906), (68, 113.76397705078125), (69, 27.237462997436523), (70, 75.33575439453125), (71, 68.56387329101562)]
14 ... 2402.100341796875
27 ... 2363.282958984375
28 ... 2409.60888671875
29 ... 2398.6435546875
30 ... 2361.03173828125
31 ... 2410.69580078125
32 ... 2399.196044921875
57 ... 174.55918884277344
58 ... 214.60693359375
59 ... 183.50750732421875
60 ... 155.922119140625
61 ... 196.22064208984375
62 ... 185.9110565185547
63 ... 75.87953186035156
64 ... 116.24319458007812
65 ... 125.48091888427734
66 ... 109.74292755126953
67 ... 120.24855041503906
68 ... 113.76397705078125
69 ... 27.237462997436523
70 ... 75.33575439453125
71 ... 68.56387329101562

--- [DEBUG] ANALOG PACKET RECEIVED ---

--- [DEBUG] ANALOG PACKET RECEIVED ---
Index: 3 | Value: 2370.696044921875
Index: 4 | Value: 2436.431884765625
Index: 5 | Value: 2413.62548828125
Index: 12 | Value: 2364.7734375
Index: 13 | Value: 2428.658935546875
Indices [(3, 2370.696044921875), (4, 2436.431884765625), (5, 2413.62548828125), (12, 2364.7734375), (13, 2428.658935546875)]
3 ... 2370.696044921875
4 ... 2436.431884765625
5 ... 2413.62548828125
12 ... 2364.7734375
13 ... 2428.658935546875

--- [DEBUG] ANALOG PACKET RECEIVED ---

--- [DEBUG] ANALOG PACKET RECEIVED ---
Index: 3 | Value: 2368.118896484375
Index: 4 | Value: 2435.4677734375
Index: 5 | Value: 2412.607177734375
Index: 12 | Value: 2362.282470703125
Index: 13 | Value: 2427.220947265625
Index: 14 | Value: 2407.137939453125
Index: 27 | Value: 2358.368408203125
Index: 28 | Value: 2413.427001953125
Index: 29 | Value: 2402.23681640625
Index: 30 | Value: 2356.321533203125
Index: 31 | Value: 2415.214599609375
Index: 32 | Value: 2403.201904296875
Index: 57 | Value: 162.8074188232422
Index: 58 | Value: 216.05404663085938
Index: 59 | Value: 178.75341796875
Index: 60 | Value: 152.2618408203125
Index: 61 | Value: 190.9259490966797
Index: 62 | Value: 186.07962036132812
Index: 63 | Value: 75.26436614990234
Index: 64 | Value: 114.19306945800781
Index: 65 | Value: 126.2479248046875
Index: 66 | Value: 107.28246307373047
Index: 67 | Value: 118.79651641845703
Index: 68 | Value: 113.51362609863281
Index: 69 | Value: 28.356050491333008
Index: 70 | Value: 79.27217864990234
Index: 71 | Value: 70.52204132080078
Indices [(3, 2368.118896484375), (4, 2435.4677734375), (5, 2412.607177734375), (12, 2362.282470703125), (13, 2427.220947265625), (14, 2407.137939453125), (27, 2358.368408203125), (28, 2413.427001953125), (29, 2402.23681640625), (30, 2356.321533203125), (31, 2415.214599609375), (32, 2403.201904296875), (57, 162.8074188232422), (58, 216.05404663085938), (59, 178.75341796875), (60, 152.2618408203125), (61, 190.9259490966797), (62, 186.07962036132812), (63, 75.26436614990234), (64, 114.19306945800781), (65, 126.2479248046875), (66, 107.28246307373047), (67, 118.79651641845703), (68, 113.51362609863281), (69, 28.356050491333008), (70, 79.27217864990234), (71, 70.52204132080078)]
3 ... 2368.118896484375
4 ... 2435.4677734375
5 ... 2412.607177734375
12 ... 2362.282470703125
13 ... 2427.220947265625
14 ... 2407.137939453125
27 ... 2358.368408203125
28 ... 2413.427001953125
29 ... 2402.23681640625
30 ... 2356.321533203125
31 ... 2415.214599609375
32 ... 2403.201904296875
57 ... 162.8074188232422
58 ... 216.05404663085938
59 ... 178.75341796875
60 ... 152.2618408203125
61 ... 190.9259490966797
62 ... 186.07962036132812
63 ... 75.26436614990234
64 ... 114.19306945800781
65 ... 126.2479248046875
66 ... 107.28246307373047
67 ... 118.79651641845703
68 ... 113.51362609863281
69 ... 28.356050491333008
70 ... 79.27217864990234
71 ... 70.52204132080078

--- [DEBUG] ANALOG PACKET RECEIVED ---

--- [DEBUG] ANALOG PACKET RECEIVED ---
Index: 3 | Value: 2367.121826171875
Index: 4 | Value: 2420.774658203125
Index: 5 | Value: 2402.583251953125
Index: 12 | Value: 2360.9892578125
Index: 13 | Value: 2408.869873046875
Index: 14 | Value: 2395.625732421875
Index: 27 | Value: 2357.2822265625
Index: 28 | Value: 2395.1943359375
Index: 29 | Value: 2394.06982421875
Index: 30 | Value: 2355.01318359375
Index: 31 | Value: 2396.515625
Index: 32 | Value: 2394.767822265625
Index: 57 | Value: 172.17730712890625
Index: 58 | Value: 216.40972900390625
Index: 59 | Value: 195.7022247314453
Index: 60 | Value: 150.5640869140625
Index: 61 | Value: 190.25372314453125
Index: 62 | Value: 179.8140869140625
Index: 63 | Value: 75.0094223022461
Index: 64 | Value: 113.17051696777344
Index: 65 | Value: 120.12630462646484
Index: 66 | Value: 107.26947784423828
Index: 67 | Value: 116.42201232910156
Index: 68 | Value: 108.79608154296875
Index: 69 | Value: 29.197166442871094
Index: 70 | Value: 78.49764251708984
Index: 71 | Value: 67.57459259033203
Indices [(3, 2367.121826171875), (4, 2420.774658203125), (5, 2402.583251953125), (12, 2360.9892578125), (13, 2408.869873046875), (14, 2395.625732421875), (27, 2357.2822265625), (28, 2395.1943359375), (29, 2394.06982421875), (30, 2355.01318359375), (31, 2396.515625), (32, 2394.767822265625), (57, 172.17730712890625), (58, 216.40972900390625), (59, 195.7022247314453), (60, 150.5640869140625), (61, 190.25372314453125), (62, 179.8140869140625), (63, 75.0094223022461), (64, 113.17051696777344), (65, 120.12630462646484), (66, 107.26947784423828), (67, 116.42201232910156), (68, 108.79608154296875), (69, 29.197166442871094), (70, 78.49764251708984), (71, 67.57459259033203)]
3 ... 2367.121826171875
4 ... 2420.774658203125
5 ... 2402.583251953125
12 ... 2360.9892578125
13 ... 2408.869873046875
14 ... 2395.625732421875
27 ... 2357.2822265625
28 ... 2395.1943359375
29 ... 2394.06982421875
30 ... 2355.01318359375
31 ... 2396.515625
32 ... 2394.767822265625
57 ... 172.17730712890625
58 ... 216.40972900390625
59 ... 195.7022247314453
60 ... 150.5640869140625
61 ... 190.25372314453125
62 ... 179.8140869140625
63 ... 75.0094223022461
64 ... 113.17051696777344
65 ... 120.12630462646484
66 ... 107.26947784423828
67 ... 116.42201232910156
68 ... 108.79608154296875
69 ... 29.197166442871094
70 ... 78.49764251708984
71 ... 67.57459259033203

--- [DEBUG] ANALOG PACKET RECEIVED ---

--- [DEBUG] ANALOG PACKET RECEIVED ---
Index: 3 | Value: 2377.796142578125
Index: 4 | Value: 2427.63818359375
Index: 5 | Value: 2405.076416015625
Index: 12 | Value: 2374.31591796875
Index: 13 | Value: 2417.781005859375
Indices [(3, 2377.796142578125), (4, 2427.63818359375), (5, 2405.076416015625), (12, 2374.31591796875), (13, 2417.781005859375)]
3 ... 2377.796142578125
4 ... 2427.63818359375
5 ... 2405.076416015625
12 ... 2374.31591796875
13 ... 2417.781005859375

--- [DEBUG] ANALOG PACKET RECEIVED ---

--- [DEBUG] ANALOG PACKET RECEIVED ---
Index: 14 | Value: 2397.385009765625
Index: 27 | Value: 2370.80419921875
Index: 28 | Value: 2402.9794921875
Index: 29 | Value: 2385.200439453125
Index: 30 | Value: 2368.746337890625
Index: 31 | Value: 2403.504638671875
Index: 32 | Value: 2383.598388671875
Index: 57 | Value: 184.93768310546875
Index: 58 | Value: 225.43826293945312
Index: 59 | Value: 209.97755432128906
Index: 60 | Value: 145.08253479003906
Index: 61 | Value: 187.4974822998047
Index: 62 | Value: 175.6373748779297
Index: 63 | Value: 68.20135498046875
Index: 64 | Value: 109.69815826416016
Index: 65 | Value: 114.01454162597656
Index: 66 | Value: 105.03023529052734
Index: 67 | Value: 113.5457763671875
Index: 68 | Value: 105.14166259765625
Index: 69 | Value: 35.12797164916992
Index: 70 | Value: 72.61448669433594
Index: 71 | Value: 50.80179214477539
Indices [(14, 2397.385009765625), (27, 2370.80419921875), (28, 2402.9794921875), (29, 2385.200439453125), (30, 2368.746337890625), (31, 2403.504638671875), (32, 2383.598388671875), (57, 184.93768310546875), (58, 225.43826293945312), (59, 209.97755432128906), (60, 145.08253479003906), (61, 187.4974822998047), (62, 175.6373748779297), (63, 68.20135498046875), (64, 109.69815826416016), (65, 114.01454162597656), (66, 105.03023529052734), (67, 113.5457763671875), (68, 105.14166259765625), (69, 35.12797164916992), (70, 72.61448669433594), (71, 50.80179214477539)]
14 ... 2397.385009765625
27 ... 2370.80419921875
28 ... 2402.9794921875
29 ... 2385.200439453125
30 ... 2368.746337890625
31 ... 2403.504638671875
32 ... 2383.598388671875
57 ... 184.93768310546875
58 ... 225.43826293945312
59 ... 209.97755432128906
60 ... 145.08253479003906
61 ... 187.4974822998047
62 ... 175.6373748779297
63 ... 68.20135498046875
64 ... 109.69815826416016
65 ... 114.01454162597656
66 ... 105.03023529052734
67 ... 113.5457763671875
68 ... 105.14166259765625
69 ... 35.12797164916992
70 ... 72.61448669433594
71 ... 50.80179214477539

--- [DEBUG] ANALOG PACKET RECEIVED ---

--- [DEBUG] ANALOG PACKET RECEIVED ---
Index: 3 | Value: 2379.7939453125
Index: 4 | Value: 2429.4296875
Index: 5 | Value: 2422.767822265625
Index: 12 | Value: 2374.627197265625
Index: 13 | Value: 2419.734619140625
Indices [(3, 2379.7939453125), (4, 2429.4296875), (5, 2422.767822265625), (12, 2374.627197265625), (13, 2419.734619140625)]
3 ... 2379.7939453125
4 ... 2429.4296875
5 ... 2422.767822265625
12 ... 2374.627197265625
13 ... 2419.734619140625

--- [DEBUG] ANALOG PACKET RECEIVED ---

--- [DEBUG] ANALOG PACKET RECEIVED ---
Index: 32 | Value: 2420.0625
Index: 57 | Value: 198.2483367919922
Index: 58 | Value: 248.91046142578125
Index: 59 | Value: 228.5884552001953
Index: 60 | Value: 177.8162078857422
Index: 61 | Value: 211.07907104492188
Index: 62 | Value: 210.3679962158203
Index: 63 | Value: 98.8342514038086
Index: 64 | Value: 131.8086700439453
Index: 65 | Value: 149.23289489746094
Index: 66 | Value: 128.2137908935547
Index: 67 | Value: 128.37722778320312
Index: 68 | Value: 132.4322967529297
Index: 69 | Value: 28.162626266479492
Index: 70 | Value: 58.780155181884766
Index: 71 | Value: 56.868064880371094
Index: 3 | Value: 2374.3095703125
Index: 4 | Value: 2435.679443359375
Index: 5 | Value: 2423.197509765625
Index: 12 | Value: 2368.81103515625
Index: 13 | Value: 2427.28466796875
Index: 14 | Value: 2421.6123046875
Index: 27 | Value: 2362.265869140625
Index: 28 | Value: 2409.046142578125
Index: 29 | Value: 2415.270751953125
Index: 30 | Value: 2359.93115234375
Index: 31 | Value: 2408.586669921875
Indices [(32, 2420.0625), (57, 198.2483367919922), (58, 248.91046142578125), (59, 228.5884552001953), (60, 177.8162078857422), (61, 211.07907104492188), (62, 210.3679962158203), (63, 98.8342514038086), (64, 131.8086700439453), (65, 149.23289489746094), (66, 128.2137908935547), (67, 128.37722778320312), (68, 132.4322967529297), (69, 28.162626266479492), (70, 58.780155181884766), (71, 56.868064880371094), (3, 2374.3095703125), (4, 2435.679443359375), (5, 2423.197509765625), (12, 2368.81103515625), (13, 2427.28466796875), (14, 2421.6123046875), (27, 2362.265869140625), (28, 2409.046142578125), (29, 2415.270751953125), (30, 2359.93115234375), (31, 2408.586669921875)]
32 ... 2420.0625
57 ... 198.2483367919922
58 ... 248.91046142578125
59 ... 228.5884552001953
60 ... 177.8162078857422
61 ... 211.07907104492188
62 ... 210.3679962158203
63 ... 98.8342514038086
64 ... 131.8086700439453
65 ... 149.23289489746094
66 ... 128.2137908935547
67 ... 128.37722778320312
68 ... 132.4322967529297
69 ... 28.162626266479492
70 ... 58.780155181884766
71 ... 56.868064880371094
3 ... 2374.3095703125
4 ... 2435.679443359375
5 ... 2423.197509765625
12 ... 2368.81103515625
13 ... 2427.28466796875
14 ... 2421.6123046875
27 ... 2362.265869140625
28 ... 2409.046142578125
29 ... 2415.270751953125
30 ... 2359.93115234375
31 ... 2408.586669921875

--- [DEBUG] ANALOG PACKET RECEIVED ---

--- [DEBUG] ANALOG PACKET RECEIVED ---
Index: 3 | Value: 2376.33154296875
Index: 4 | Value: 2434.742431640625
Index: 5 | Value: 2414.08984375
Index: 12 | Value: 2370.7333984375
Index: 13 | Value: 2425.82958984375
Index: 14 | Value: 2408.7685546875
Index: 27 | Value: 2363.98193359375
Index: 28 | Value: 2405.93310546875
Index: 29 | Value: 2399.32470703125
Index: 30 | Value: 2361.695068359375
Index: 31 | Value: 2404.807861328125
Index: 32 | Value: 2398.55517578125
Index: 57 | Value: 197.12347412109375
Index: 58 | Value: 233.7638397216797
Index: 59 | Value: 199.734375
Index: 60 | Value: 177.07476806640625
Index: 61 | Value: 212.69329833984375
Index: 62 | Value: 209.55349731445312
Index: 63 | Value: 99.06288146972656
Index: 64 | Value: 133.54647827148438
Index: 65 | Value: 148.2261962890625
Index: 66 | Value: 127.52564239501953
Index: 67 | Value: 127.65182495117188
Index: 68 | Value: 126.90000915527344
Index: 69 | Value: 28.140317916870117
Index: 70 | Value: 58.061824798583984
Index: 71 | Value: 54.05937957763672
Indices [(3, 2376.33154296875), (4, 2434.742431640625), (5, 2414.08984375), (12, 2370.7333984375), (13, 2425.82958984375), (14, 2408.7685546875), (27, 2363.98193359375), (28, 2405.93310546875), (29, 2399.32470703125), (30, 2361.695068359375), (31, 2404.807861328125), (32, 2398.55517578125), (57, 197.12347412109375), (58, 233.7638397216797), (59, 199.734375), (60, 177.07476806640625), (61, 212.69329833984375), (62, 209.55349731445312), (63, 99.06288146972656), (64, 133.54647827148438), (65, 148.2261962890625), (66, 127.52564239501953), (67, 127.65182495117188), (68, 126.90000915527344), (69, 28.140317916870117), (70, 58.061824798583984), (71, 54.05937957763672)]
3 ... 2376.33154296875
4 ... 2434.742431640625
5 ... 2414.08984375
12 ... 2370.7333984375
13 ... 2425.82958984375
14 ... 2408.7685546875
27 ... 2363.98193359375
28 ... 2405.93310546875
29 ... 2399.32470703125
30 ... 2361.695068359375
31 ... 2404.807861328125
32 ... 2398.55517578125
57 ... 197.12347412109375
58 ... 233.7638397216797
59 ... 199.734375
60 ... 177.07476806640625
61 ... 212.69329833984375
62 ... 209.55349731445312
63 ... 99.06288146972656
64 ... 133.54647827148438
65 ... 148.2261962890625
66 ... 127.52564239501953
67 ... 127.65182495117188
68 ... 126.90000915527344
69 ... 28.140317916870117
70 ... 58.061824798583984
71 ... 54.05937957763672

--- [DEBUG] ANALOG PACKET RECEIVED ---

--- [DEBUG] ANALOG PACKET RECEIVED ---
Index: 3 | Value: 2389.833740234375
Index: 4 | Value: 2440.6640625
Index: 5 | Value: 2415.63671875
Index: 12 | Value: 2387.104248046875
Index: 13 | Value: 2432.044921875
Indices [(3, 2389.833740234375), (4, 2440.6640625), (5, 2415.63671875), (12, 2387.104248046875), (13, 2432.044921875)]
3 ... 2389.833740234375
4 ... 2440.6640625
5 ... 2415.63671875
12 ... 2387.104248046875
13 ... 2432.044921875

--- [DEBUG] ANALOG PACKET RECEIVED ---

--- [DEBUG] ANALOG PACKET RECEIVED ---
Index: 14 | Value: 2412.841796875
Index: 27 | Value: 2381.5126953125
Index: 28 | Value: 2411.483642578125
Index: 29 | Value: 2409.705322265625
Index: 30 | Value: 2379.4521484375
Index: 31 | Value: 2411.244384765625
Index: 32 | Value: 2410.240234375
Index: 57 | Value: 174.84420776367188
Index: 58 | Value: 200.0030517578125
Index: 59 | Value: 196.1156768798828
Index: 60 | Value: 151.12843322753906
Index: 61 | Value: 190.29466247558594
Index: 62 | Value: 182.81500244140625
Index: 63 | Value: 71.65997314453125
Index: 64 | Value: 112.59353637695312
Index: 65 | Value: 122.9112548828125
Index: 66 | Value: 109.79434204101562
Index: 67 | Value: 112.13699340820312
Index: 68 | Value: 114.12012481689453
Index: 69 | Value: 34.86796951293945
Index: 70 | Value: 50.41243362426758
Index: 71 | Value: 63.177940368652344
Indices [(14, 2412.841796875), (27, 2381.5126953125), (28, 2411.483642578125), (29, 2409.705322265625), (30, 2379.4521484375), (31, 2411.244384765625), (32, 2410.240234375), (57, 174.84420776367188), (58, 200.0030517578125), (59, 196.1156768798828), (60, 151.12843322753906), (61, 190.29466247558594), (62, 182.81500244140625), (63, 71.65997314453125), (64, 112.59353637695312), (65, 122.9112548828125), (66, 109.79434204101562), (67, 112.13699340820312), (68, 114.12012481689453), (69, 34.86796951293945), (70, 50.41243362426758), (71, 63.177940368652344)]
14 ... 2412.841796875
27 ... 2381.5126953125
28 ... 2411.483642578125
29 ... 2409.705322265625
30 ... 2379.4521484375
31 ... 2411.244384765625
32 ... 2410.240234375
57 ... 174.84420776367188
58 ... 200.0030517578125
59 ... 196.1156768798828
60 ... 151.12843322753906
61 ... 190.29466247558594
62 ... 182.81500244140625
63 ... 71.65997314453125
64 ... 112.59353637695312
65 ... 122.9112548828125
66 ... 109.79434204101562
67 ... 112.13699340820312
68 ... 114.12012481689453
69 ... 34.86796951293945
70 ... 50.41243362426758
71 ... 63.177940368652344

--- [DEBUG] ANALOG PACKET RECEIVED ---

--- [DEBUG] ANALOG PACKET RECEIVED ---
Index: 3 | Value: 2366.902099609375
Index: 4 | Value: 2421.56591796875
Index: 5 | Value: 2402.919677734375
Index: 12 | Value: 2358.467041015625
Index: 13 | Value: 2410.355712890625
Indices [(3, 2366.902099609375), (4, 2421.56591796875), (5, 2402.919677734375), (12, 2358.467041015625), (13, 2410.355712890625)]
3 ... 2366.902099609375
4 ... 2421.56591796875
5 ... 2402.919677734375
12 ... 2358.467041015625
13 ... 2410.355712890625

--- [DEBUG] ANALOG PACKET RECEIVED ---

--- [DEBUG] ANALOG PACKET RECEIVED ---
Index: 3 | Value: 2366.56689453125
Index: 4 | Value: 2420.209716796875
Index: 5 | Value: 2405.51708984375
Index: 12 | Value: 2358.916015625
Index: 13 | Value: 2408.460693359375
Index: 14 | Value: 2399.521484375
Index: 27 | Value: 2352.39990234375
Index: 28 | Value: 2392.907470703125
Index: 29 | Value: 2392.005859375
Index: 30 | Value: 2349.56640625
Index: 31 | Value: 2393.221435546875
Index: 32 | Value: 2391.6640625
Index: 57 | Value: 204.23541259765625
Index: 58 | Value: 244.51980590820312
Index: 59 | Value: 232.07200622558594
Index: 60 | Value: 163.18890380859375
Index: 61 | Value: 200.10946655273438
Index: 62 | Value: 187.94754028320312
Index: 63 | Value: 81.80571746826172
Index: 64 | Value: 121.74928283691406
Index: 65 | Value: 127.10397338867188
Index: 66 | Value: 119.75152587890625
Index: 67 | Value: 124.50459289550781
Index: 68 | Value: 120.62655639648438
Index: 69 | Value: 28.577178955078125
Index: 70 | Value: 79.25372314453125
Index: 71 | Value: 71.62821960449219
Indices [(3, 2366.56689453125), (4, 2420.209716796875), (5, 2405.51708984375), (12, 2358.916015625), (13, 2408.460693359375), (14, 2399.521484375), (27, 2352.39990234375), (28, 2392.907470703125), (29, 2392.005859375), (30, 2349.56640625), (31, 2393.221435546875), (32, 2391.6640625), (57, 204.23541259765625), (58, 244.51980590820312), (59, 232.07200622558594), (60, 163.18890380859375), (61, 200.10946655273438), (62, 187.94754028320312), (63, 81.80571746826172), (64, 121.74928283691406), (65, 127.10397338867188), (66, 119.75152587890625), (67, 124.50459289550781), (68, 120.62655639648438), (69, 28.577178955078125), (70, 79.25372314453125), (71, 71.62821960449219)]
3 ... 2366.56689453125
4 ... 2420.209716796875
5 ... 2405.51708984375
12 ... 2358.916015625
13 ... 2408.460693359375
14 ... 2399.521484375
27 ... 2352.39990234375
28 ... 2392.907470703125
29 ... 2392.005859375
30 ... 2349.56640625
31 ... 2393.221435546875
32 ... 2391.6640625
57 ... 204.23541259765625
58 ... 244.51980590820312
59 ... 232.07200622558594
60 ... 163.18890380859375
61 ... 200.10946655273438
62 ... 187.94754028320312
63 ... 81.80571746826172
64 ... 121.74928283691406
65 ... 127.10397338867188
66 ... 119.75152587890625
67 ... 124.50459289550781
68 ... 120.62655639648438
69 ... 28.577178955078125
70 ... 79.25372314453125
71 ... 71.62821960449219

--- [DEBUG] ANALOG PACKET RECEIVED ---

--- [DEBUG] ANALOG PACKET RECEIVED ---
Index: 3 | Value: 2366.989990234375
Index: 4 | Value: 2429.36767578125
Index: 5 | Value: 2420.3310546875
Index: 12 | Value: 2359.361328125
Index: 13 | Value: 2419.099365234375
Index: 14 | Value: 2418.339111328125
Index: 27 | Value: 2352.721435546875
Index: 28 | Value: 2401.292724609375
Index: 29 | Value: 2414.43359375
Index: 30 | Value: 2349.918701171875
Index: 31 | Value: 2401.371337890625
Index: 32 | Value: 2406.459228515625
Index: 57 | Value: 198.143310546875
Index: 58 | Value: 245.7677764892578
Index: 59 | Value: 215.82647705078125
Index: 60 | Value: 163.62379455566406
Index: 61 | Value: 201.70326232910156
Index: 62 | Value: 189.1540069580078
Index: 63 | Value: 82.2578353881836
Index: 64 | Value: 123.1220474243164
Index: 65 | Value: 127.54183959960938
Index: 66 | Value: 119.49958801269531
Index: 67 | Value: 125.94795989990234
Index: 68 | Value: 118.18225860595703
Index: 69 | Value: 29.088266372680664
Index: 70 | Value: 78.82693481445312
Index: 71 | Value: 67.34556579589844
Indices [(3, 2366.989990234375), (4, 2429.36767578125), (5, 2420.3310546875), (12, 2359.361328125), (13, 2419.099365234375), (14, 2418.339111328125), (27, 2352.721435546875), (28, 2401.292724609375), (29, 2414.43359375), (30, 2349.918701171875), (31, 2401.371337890625), (32, 2406.459228515625), (57, 198.143310546875), (58, 245.7677764892578), (59, 215.82647705078125), (60, 163.62379455566406), (61, 201.70326232910156), (62, 189.1540069580078), (63, 82.2578353881836), (64, 123.1220474243164), (65, 127.54183959960938), (66, 119.49958801269531), (67, 125.94795989990234), (68, 118.18225860595703), (69, 29.088266372680664), (70, 78.82693481445312), (71, 67.34556579589844)]
3 ... 2366.989990234375
4 ... 2429.36767578125
5 ... 2420.3310546875
12 ... 2359.361328125
13 ... 2419.099365234375
14 ... 2418.339111328125
27 ... 2352.721435546875
28 ... 2401.292724609375
29 ... 2414.43359375
30 ... 2349.918701171875
31 ... 2401.371337890625
32 ... 2406.459228515625
57 ... 198.143310546875
58 ... 245.7677764892578
59 ... 215.82647705078125
60 ... 163.62379455566406
61 ... 201.70326232910156
62 ... 189.1540069580078
63 ... 82.2578353881836
64 ... 123.1220474243164
65 ... 127.54183959960938
66 ... 119.49958801269531
67 ... 125.94795989990234
68 ... 118.18225860595703
69 ... 29.088266372680664
70 ... 78.82693481445312
71 ... 67.34556579589844

--- [DEBUG] ANALOG PACKET RECEIVED ---

--- [DEBUG] ANALOG PACKET RECEIVED ---
Index: 3 | Value: 2362.76123046875
Index: 4 | Value: 2427.814208984375
Index: 5 | Value: 2399.1328125
Index: 12 | Value: 2354.576904296875
Index: 13 | Value: 2417.083740234375
Indices [(3, 2362.76123046875), (4, 2427.814208984375), (5, 2399.1328125), (12, 2354.576904296875), (13, 2417.083740234375)]
3 ... 2362.76123046875
4 ... 2427.814208984375
5 ... 2399.1328125
12 ... 2354.576904296875
13 ... 2417.083740234375

--- [DEBUG] ANALOG PACKET RECEIVED ---

--- [DEBUG] ANALOG PACKET RECEIVED ---
Index: 3 | Value: 2364.13037109375
Index: 4 | Value: 2404.10595703125
Index: 5 | Value: 2397.021484375
Index: 12 | Value: 2356.58447265625
Index: 13 | Value: 2390.278076171875
Index: 14 | Value: 2387.172607421875
Index: 27 | Value: 2354.70556640625
Index: 28 | Value: 2373.94287109375
Index: 29 | Value: 2375.735107421875
Index: 30 | Value: 2353.342041015625
Index: 31 | Value: 2373.90185546875
Index: 32 | Value: 2374.47119140625
Index: 57 | Value: 192.54031372070312
Index: 58 | Value: 240.5762176513672
Index: 59 | Value: 229.05165100097656
Index: 60 | Value: 159.25978088378906
Index: 61 | Value: 193.01002502441406
Index: 62 | Value: 183.89108276367188
Index: 63 | Value: 84.94425964355469
Index: 64 | Value: 116.70036315917969
Index: 65 | Value: 124.41063690185547
Index: 66 | Value: 116.91352081298828
Index: 67 | Value: 118.72322082519531
Index: 68 | Value: 109.23576354980469
Index: 69 | Value: 38.415645599365234
Index: 70 | Value: 68.25910949707031
Index: 71 | Value: 45.15803527832031
Indices [(3, 2364.13037109375), (4, 2404.10595703125), (5, 2397.021484375), (12, 2356.58447265625), (13, 2390.278076171875), (14, 2387.172607421875), (27, 2354.70556640625), (28, 2373.94287109375), (29, 2375.735107421875), (30, 2353.342041015625), (31, 2373.90185546875), (32, 2374.47119140625), (57, 192.54031372070312), (58, 240.5762176513672), (59, 229.05165100097656), (60, 159.25978088378906), (61, 193.01002502441406), (62, 183.89108276367188), (63, 84.94425964355469), (64, 116.70036315917969), (65, 124.41063690185547), (66, 116.91352081298828), (67, 118.72322082519531), (68, 109.23576354980469), (69, 38.415645599365234), (70, 68.25910949707031), (71, 45.15803527832031)]
3 ... 2364.13037109375
4 ... 2404.10595703125
5 ... 2397.021484375
12 ... 2356.58447265625
13 ... 2390.278076171875
14 ... 2387.172607421875
27 ... 2354.70556640625
28 ... 2373.94287109375
29 ... 2375.735107421875
30 ... 2353.342041015625
31 ... 2373.90185546875
32 ... 2374.47119140625
57 ... 192.54031372070312
58 ... 240.5762176513672
59 ... 229.05165100097656
60 ... 159.25978088378906
61 ... 193.01002502441406
62 ... 183.89108276367188
63 ... 84.94425964355469
64 ... 116.70036315917969
65 ... 124.41063690185547
66 ... 116.91352081298828
67 ... 118.72322082519531
68 ... 109.23576354980469
69 ... 38.415645599365234
70 ... 68.25910949707031
71 ... 45.15803527832031

--- [DEBUG] ANALOG PACKET RECEIVED ---

--- [DEBUG] ANALOG PACKET RECEIVED ---
Index: 3 | Value: 2385.5439453125
Index: 4 | Value: 2429.222900390625
Index: 5 | Value: 2418.050537109375
Index: 12 | Value: 2382.527099609375
Index: 13 | Value: 2419.582275390625
Index: 14 | Value: 2415.6689453125
Index: 27 | Value: 2377.66015625
Index: 28 | Value: 2402.047607421875
Index: 29 | Value: 2407.826171875
Index: 30 | Value: 2376.04248046875
Index: 31 | Value: 2401.668701171875
Index: 32 | Value: 2407.186767578125
Index: 57 | Value: 167.2672576904297
Index: 58 | Value: 217.68032836914062
Index: 59 | Value: 202.73745727539062
Index: 60 | Value: 160.77622985839844
Index: 61 | Value: 192.06764221191406
Index: 62 | Value: 186.3657989501953
Index: 63 | Value: 82.38534545898438
Index: 64 | Value: 113.63525390625
Index: 65 | Value: 125.95720672607422
Index: 66 | Value: 114.76131439208984
Index: 67 | Value: 112.98766326904297
Index: 68 | Value: 108.4481201171875
Index: 69 | Value: 39.49382400512695
Index: 70 | Value: 51.18113708496094
Index: 71 | Value: 41.021820068359375
Indices [(3, 2385.5439453125), (4, 2429.222900390625), (5, 2418.050537109375), (12, 2382.527099609375), (13, 2419.582275390625), (14, 2415.6689453125), (27, 2377.66015625), (28, 2402.047607421875), (29, 2407.826171875), (30, 2376.04248046875), (31, 2401.668701171875), (32, 2407.186767578125), (57, 167.2672576904297), (58, 217.68032836914062), (59, 202.73745727539062), (60, 160.77622985839844), (61, 192.06764221191406), (62, 186.3657989501953), (63, 82.38534545898438), (64, 113.63525390625), (65, 125.95720672607422), (66, 114.76131439208984), (67, 112.98766326904297), (68, 108.4481201171875), (69, 39.49382400512695), (70, 51.18113708496094), (71, 41.021820068359375)]
3 ... 2385.5439453125
4 ... 2429.222900390625
5 ... 2418.050537109375
12 ... 2382.527099609375
13 ... 2419.582275390625
14 ... 2415.6689453125
27 ... 2377.66015625
28 ... 2402.047607421875
29 ... 2407.826171875
30 ... 2376.04248046875
31 ... 2401.668701171875
32 ... 2407.186767578125
57 ... 167.2672576904297
58 ... 217.68032836914062
59 ... 202.73745727539062
60 ... 160.77622985839844
61 ... 192.06764221191406
62 ... 186.3657989501953
63 ... 82.38534545898438
64 ... 113.63525390625
65 ... 125.95720672607422
66 ... 114.76131439208984
67 ... 112.98766326904297
68 ... 108.4481201171875
69 ... 39.49382400512695
70 ... 51.18113708496094
71 ... 41.021820068359375

--- [DEBUG] ANALOG PACKET RECEIVED ---

--- [DEBUG] ANALOG PACKET RECEIVED ---
Index: 3 | Value: 2361.37939453125
Index: 4 | Value: 2401.417724609375
Index: 5 | Value: 2389.281982421875
Index: 12 | Value: 2352.180419921875
Index: 13 | Value: 2386.710693359375
Indices [(3, 2361.37939453125), (4, 2401.417724609375), (5, 2389.281982421875), (12, 2352.180419921875), (13, 2386.710693359375)]
3 ... 2361.37939453125
4 ... 2401.417724609375
5 ... 2389.281982421875
12 ... 2352.180419921875
13 ... 2386.710693359375

--- [DEBUG] ANALOG PACKET RECEIVED ---

--- [DEBUG] ANALOG PACKET RECEIVED ---
Index: 14 | Value: 2379.771240234375
Index: 27 | Value: 2345.085205078125
Index: 28 | Value: 2367.700927734375
Index: 29 | Value: 2372.573486328125
Index: 30 | Value: 2342.6103515625
Index: 31 | Value: 2366.0537109375
Index: 32 | Value: 2372.14794921875
Index: 57 | Value: 216.92247009277344
Index: 58 | Value: 250.90045166015625
Index: 59 | Value: 248.54273986816406
Index: 60 | Value: 174.5672607421875
Index: 61 | Value: 209.66114807128906
Index: 62 | Value: 203.69180297851562
Index: 63 | Value: 94.40241241455078
Index: 64 | Value: 129.03567504882812
Index: 65 | Value: 142.75624084472656
Index: 66 | Value: 128.23065185546875
Index: 67 | Value: 126.8047103881836
Index: 68 | Value: 132.194580078125
Index: 69 | Value: 34.257530212402344
Index: 70 | Value: 47.22229766845703
Index: 71 | Value: 59.974365234375
Indices [(14, 2379.771240234375), (27, 2345.085205078125), (28, 2367.700927734375), (29, 2372.573486328125), (30, 2342.6103515625), (31, 2366.0537109375), (32, 2372.14794921875), (57, 216.92247009277344), (58, 250.90045166015625), (59, 248.54273986816406), (60, 174.5672607421875), (61, 209.66114807128906), (62, 203.69180297851562), (63, 94.40241241455078), (64, 129.03567504882812), (65, 142.75624084472656), (66, 128.23065185546875), (67, 126.8047103881836), (68, 132.194580078125), (69, 34.257530212402344), (70, 47.22229766845703), (71, 59.974365234375)]
14 ... 2379.771240234375
27 ... 2345.085205078125
28 ... 2367.700927734375
29 ... 2372.573486328125
30 ... 2342.6103515625
31 ... 2366.0537109375
32 ... 2372.14794921875
57 ... 216.92247009277344
58 ... 250.90045166015625
59 ... 248.54273986816406
60 ... 174.5672607421875
61 ... 209.66114807128906
62 ... 203.69180297851562
63 ... 94.40241241455078
64 ... 129.03567504882812
65 ... 142.75624084472656
66 ... 128.23065185546875
67 ... 126.8047103881836
68 ... 132.194580078125
69 ... 34.257530212402344
70 ... 47.22229766845703
71 ... 59.974365234375

--- [DEBUG] ANALOG PACKET RECEIVED ---

--- [DEBUG] ANALOG PACKET RECEIVED ---
Index: 3 | Value: 2375.076904296875
Index: 4 | Value: 2443.308349609375
Index: 5 | Value: 2428.3623046875
Index: 12 | Value: 2370.006103515625
Index: 13 | Value: 2433.061767578125
Indices [(3, 2375.076904296875), (4, 2443.308349609375), (5, 2428.3623046875), (12, 2370.006103515625), (13, 2433.061767578125)]
3 ... 2375.076904296875
4 ... 2443.308349609375
5 ... 2428.3623046875
12 ... 2370.006103515625
13 ... 2433.061767578125

--- [DEBUG] ANALOG PACKET RECEIVED ---

--- [DEBUG] ANALOG PACKET RECEIVED ---
Index: 14 | Value: 2427.681884765625
Index: 27 | Value: 2364.288818359375
Index: 28 | Value: 2416.921142578125
Index: 29 | Value: 2424.93359375
Index: 30 | Value: 2362.0673828125
Index: 31 | Value: 2417.251708984375
Index: 32 | Value: 2426.170166015625
Index: 57 | Value: 172.12777709960938
Index: 58 | Value: 223.07298278808594
Index: 59 | Value: 182.3184051513672
Index: 60 | Value: 156.0384979248047
Index: 61 | Value: 192.24588012695312
Index: 62 | Value: 186.42381286621094
Index: 63 | Value: 74.44847869873047
Index: 64 | Value: 113.17391204833984
Index: 65 | Value: 126.4732894897461
Index: 66 | Value: 109.55313873291016
Index: 67 | Value: 119.6893310546875
Index: 68 | Value: 116.5752944946289
Index: 69 | Value: 28.426687240600586
Index: 70 | Value: 71.52774810791016
Index: 71 | Value: 77.02899932861328
Indices [(14, 2427.681884765625), (27, 2364.288818359375), (28, 2416.921142578125), (29, 2424.93359375), (30, 2362.0673828125), (31, 2417.251708984375), (32, 2426.170166015625), (57, 172.12777709960938), (58, 223.07298278808594), (59, 182.3184051513672), (60, 156.0384979248047), (61, 192.24588012695312), (62, 186.42381286621094), (63, 74.44847869873047), (64, 113.17391204833984), (65, 126.4732894897461), (66, 109.55313873291016), (67, 119.6893310546875), (68, 116.5752944946289), (69, 28.426687240600586), (70, 71.52774810791016), (71, 77.02899932861328)]
14 ... 2427.681884765625
27 ... 2364.288818359375
28 ... 2416.921142578125
29 ... 2424.93359375
30 ... 2362.0673828125
31 ... 2417.251708984375
32 ... 2426.170166015625
57 ... 172.12777709960938
58 ... 223.07298278808594
59 ... 182.3184051513672
60 ... 156.0384979248047
61 ... 192.24588012695312
62 ... 186.42381286621094
63 ... 74.44847869873047
64 ... 113.17391204833984
65 ... 126.4732894897461
66 ... 109.55313873291016
67 ... 119.6893310546875
68 ... 116.5752944946289
69 ... 28.426687240600586
70 ... 71.52774810791016
71 ... 77.02899932861328

--- [DEBUG] ANALOG PACKET RECEIVED ---

--- [DEBUG] ANALOG PACKET RECEIVED ---
Index: 3 | Value: 2371.11474609375
Index: 4 | Value: 2432.617919921875
Index: 5 | Value: 2411.848388671875
Index: 12 | Value: 2364.25634765625
Index: 13 | Value: 2422.98779296875
Indices [(3, 2371.11474609375), (4, 2432.617919921875), (5, 2411.848388671875), (12, 2364.25634765625), (13, 2422.98779296875)]
3 ... 2371.11474609375
4 ... 2432.617919921875
5 ... 2411.848388671875
12 ... 2364.25634765625
13 ... 2422.98779296875

--- [DEBUG] ANALOG PACKET RECEIVED ---

--- [DEBUG] ANALOG PACKET RECEIVED ---
Index: 14 | Value: 2409.671630859375
Index: 27 | Value: 2357.15625
Index: 28 | Value: 2404.40625
Index: 29 | Value: 2407.269287109375
Index: 30 | Value: 2354.895751953125
Index: 31 | Value: 2404.273193359375
Index: 32 | Value: 2407.824951171875
Index: 57 | Value: 186.57528686523438
Index: 58 | Value: 240.6389923095703
Index: 59 | Value: 204.68992614746094
Index: 60 | Value: 182.46359252929688
Index: 61 | Value: 213.9303436279297
Index: 62 | Value: 214.392578125
Index: 63 | Value: 101.59041595458984
Index: 64 | Value: 134.9463348388672
Index: 65 | Value: 153.0387420654297
Index: 66 | Value: 132.9606170654297
Index: 67 | Value: 132.27256774902344
Index: 68 | Value: 133.44110107421875
Index: 69 | Value: 36.30509567260742
Index: 70 | Value: 63.028053283691406
Index: 71 | Value: 62.78338623046875
Indices [(14, 2409.671630859375), (27, 2357.15625), (28, 2404.40625), (29, 2407.269287109375), (30, 2354.895751953125), (31, 2404.273193359375), (32, 2407.824951171875), (57, 186.57528686523438), (58, 240.6389923095703), (59, 204.68992614746094), (60, 182.46359252929688), (61, 213.9303436279297), (62, 214.392578125), (63, 101.59041595458984), (64, 134.9463348388672), (65, 153.0387420654297), (66, 132.9606170654297), (67, 132.27256774902344), (68, 133.44110107421875), (69, 36.30509567260742), (70, 63.028053283691406), (71, 62.78338623046875)]
14 ... 2409.671630859375
27 ... 2357.15625
28 ... 2404.40625
29 ... 2407.269287109375
30 ... 2354.895751953125
31 ... 2404.273193359375
32 ... 2407.824951171875
57 ... 186.57528686523438
58 ... 240.6389923095703
59 ... 204.68992614746094
60 ... 182.46359252929688
61 ... 213.9303436279297
62 ... 214.392578125
63 ... 101.59041595458984
64 ... 134.9463348388672
65 ... 153.0387420654297
66 ... 132.9606170654297
67 ... 132.27256774902344
68 ... 133.44110107421875
69 ... 36.30509567260742
70 ... 63.028053283691406
71 ... 62.78338623046875

--- [DEBUG] ANALOG PACKET RECEIVED ---

--- [DEBUG] ANALOG PACKET RECEIVED ---
Index: 3 | Value: 2370.356689453125
Index: 4 | Value: 2412.94384765625
Index: 5 | Value: 2392.5537109375
Index: 12 | Value: 2363.146484375
Index: 13 | Value: 2399.626953125
Index: 14 | Value: 2382.591552734375
Index: 27 | Value: 2356.914306640625
Index: 28 | Value: 2381.8427734375
Index: 29 | Value: 2374.624755859375
Index: 30 | Value: 2354.77099609375
Index: 31 | Value: 2381.570556640625
Index: 32 | Value: 2373.721435546875
Index: 57 | Value: 196.63681030273438
Index: 58 | Value: 238.7102508544922
Index: 59 | Value: 217.47567749023438
Index: 60 | Value: 178.5527801513672
Index: 61 | Value: 216.87042236328125
Index: 62 | Value: 208.7563018798828
Index: 63 | Value: 100.07145690917969
Index: 64 | Value: 138.53285217285156
Index: 65 | Value: 147.81399536132812
Index: 66 | Value: 130.2999267578125
Index: 67 | Value: 135.25473022460938
Index: 68 | Value: 128.7630157470703
Index: 69 | Value: 35.28568649291992
Index: 70 | Value: 65.18258666992188
Index: 71 | Value: 60.577388763427734
Indices [(3, 2370.356689453125), (4, 2412.94384765625), (5, 2392.5537109375), (12, 2363.146484375), (13, 2399.626953125), (14, 2382.591552734375), (27, 2356.914306640625), (28, 2381.8427734375), (29, 2374.624755859375), (30, 2354.77099609375), (31, 2381.570556640625), (32, 2373.721435546875), (57, 196.63681030273438), (58, 238.7102508544922), (59, 217.47567749023438), (60, 178.5527801513672), (61, 216.87042236328125), (62, 208.7563018798828), (63, 100.07145690917969), (64, 138.53285217285156), (65, 147.81399536132812), (66, 130.2999267578125), (67, 135.25473022460938), (68, 128.7630157470703), (69, 35.28568649291992), (70, 65.18258666992188), (71, 60.577388763427734)]
3 ... 2370.356689453125
4 ... 2412.94384765625
5 ... 2392.5537109375
12 ... 2363.146484375
13 ... 2399.626953125
14 ... 2382.591552734375
27 ... 2356.914306640625
28 ... 2381.8427734375
29 ... 2374.624755859375
30 ... 2354.77099609375
31 ... 2381.570556640625
32 ... 2373.721435546875
57 ... 196.63681030273438
58 ... 238.7102508544922
59 ... 217.47567749023438
60 ... 178.5527801513672
61 ... 216.87042236328125
62 ... 208.7563018798828
63 ... 100.07145690917969
64 ... 138.53285217285156
65 ... 147.81399536132812
66 ... 130.2999267578125
67 ... 135.25473022460938
68 ... 128.7630157470703
69 ... 35.28568649291992
70 ... 65.18258666992188
71 ... 60.577388763427734

--- [DEBUG] ANALOG PACKET RECEIVED ---

--- [DEBUG] ANALOG PACKET RECEIVED ---
Index: 3 | Value: 2383.29833984375
Index: 4 | Value: 2433.341552734375
Index: 5 | Value: 2424.04541015625
Index: 12 | Value: 2378.7294921875
Index: 13 | Value: 2423.47314453125
Indices [(3, 2383.29833984375), (4, 2433.341552734375), (5, 2424.04541015625), (12, 2378.7294921875), (13, 2423.47314453125)]
3 ... 2383.29833984375
4 ... 2433.341552734375
5 ... 2424.04541015625
12 ... 2378.7294921875
13 ... 2423.47314453125

--- [DEBUG] ANALOG PACKET RECEIVED ---

--- [DEBUG] ANALOG PACKET RECEIVED ---
Index: 14 | Value: 2421.15625
Index: 27 | Value: 2373.1328125
Index: 28 | Value: 2406.225341796875
Index: 29 | Value: 2413.122802734375
Index: 30 | Value: 2371.052978515625
Index: 31 | Value: 2413.102783203125
Index: 32 | Value: 2423.302978515625
Index: 57 | Value: 175.680908203125
Index: 58 | Value: 225.16278076171875
Index: 59 | Value: 200.45907592773438
Index: 60 | Value: 153.2624969482422
Index: 61 | Value: 186.53411865234375
Index: 62 | Value: 181.9341278076172
Index: 63 | Value: 73.24021911621094
Index: 64 | Value: 108.71746826171875
Index: 65 | Value: 121.28224182128906
Index: 66 | Value: 111.76264953613281
Index: 67 | Value: 110.98355102539062
Index: 68 | Value: 112.10749816894531
Index: 69 | Value: 38.54881286621094
Index: 70 | Value: 49.919715881347656
Index: 71 | Value: 44.16340637207031
Indices [(14, 2421.15625), (27, 2373.1328125), (28, 2406.225341796875), (29, 2413.122802734375), (30, 2371.052978515625), (31, 2413.102783203125), (32, 2423.302978515625), (57, 175.680908203125), (58, 225.16278076171875), (59, 200.45907592773438), (60, 153.2624969482422), (61, 186.53411865234375), (62, 181.9341278076172), (63, 73.24021911621094), (64, 108.71746826171875), (65, 121.28224182128906), (66, 111.76264953613281), (67, 110.98355102539062), (68, 112.10749816894531), (69, 38.54881286621094), (70, 49.919715881347656), (71, 44.16340637207031)]
14 ... 2421.15625
27 ... 2373.1328125
28 ... 2406.225341796875
29 ... 2413.122802734375
30 ... 2371.052978515625
31 ... 2413.102783203125
32 ... 2423.302978515625
57 ... 175.680908203125
58 ... 225.16278076171875
59 ... 200.45907592773438
60 ... 153.2624969482422
61 ... 186.53411865234375
62 ... 181.9341278076172
63 ... 73.24021911621094
64 ... 108.71746826171875
65 ... 121.28224182128906
66 ... 111.76264953613281
67 ... 110.98355102539062
68 ... 112.10749816894531
69 ... 38.54881286621094
70 ... 49.919715881347656
71 ... 44.16340637207031

--- [DEBUG] ANALOG PACKET RECEIVED ---

--- [DEBUG] ANALOG PACKET RECEIVED ---
Index: 3 | Value: 2383.872802734375
Index: 4 | Value: 2437.967041015625
Index: 5 | Value: 2413.24267578125
Index: 12 | Value: 2379.0224609375
Index: 13 | Value: 2429.34423828125
Index: 14 | Value: 2409.308349609375
Index: 27 | Value: 2373.08935546875
Index: 28 | Value: 2409.81787109375
Index: 29 | Value: 2402.969482421875
Index: 30 | Value: 2371.075927734375
Index: 31 | Value: 2409.00732421875
Index: 32 | Value: 2402.486328125
Index: 57 | Value: 174.80767822265625
Index: 58 | Value: 210.3156280517578
Index: 59 | Value: 178.79055786132812
Index: 60 | Value: 152.9941864013672
Index: 61 | Value: 188.5447235107422
Index: 62 | Value: 185.527587890625
Index: 63 | Value: 72.5516128540039
Index: 64 | Value: 110.70634460449219
Index: 65 | Value: 124.41722869873047
Index: 66 | Value: 110.75682067871094
Index: 67 | Value: 113.30233001708984
Index: 68 | Value: 112.92290496826172
Index: 69 | Value: 37.722354888916016
Index: 70 | Value: 47.71482849121094
Index: 71 | Value: 47.77235412597656
Indices [(3, 2383.872802734375), (4, 2437.967041015625), (5, 2413.24267578125), (12, 2379.0224609375), (13, 2429.34423828125), (14, 2409.308349609375), (27, 2373.08935546875), (28, 2409.81787109375), (29, 2402.969482421875), (30, 2371.075927734375), (31, 2409.00732421875), (32, 2402.486328125), (57, 174.80767822265625), (58, 210.3156280517578), (59, 178.79055786132812), (60, 152.9941864013672), (61, 188.5447235107422), (62, 185.527587890625), (63, 72.5516128540039), (64, 110.70634460449219), (65, 124.41722869873047), (66, 110.75682067871094), (67, 113.30233001708984), (68, 112.92290496826172), (69, 37.722354888916016), (70, 47.71482849121094), (71, 47.77235412597656)]
3 ... 2383.872802734375
4 ... 2437.967041015625
5 ... 2413.24267578125
12 ... 2379.0224609375
13 ... 2429.34423828125
14 ... 2409.308349609375
27 ... 2373.08935546875
28 ... 2409.81787109375
29 ... 2402.969482421875
30 ... 2371.075927734375
31 ... 2409.00732421875
32 ... 2402.486328125
57 ... 174.80767822265625
58 ... 210.3156280517578
59 ... 178.79055786132812
60 ... 152.9941864013672
61 ... 188.5447235107422
62 ... 185.527587890625
63 ... 72.5516128540039
64 ... 110.70634460449219
65 ... 124.41722869873047
66 ... 110.75682067871094
67 ... 113.30233001708984
68 ... 112.92290496826172
69 ... 37.722354888916016
70 ... 47.71482849121094
71 ... 47.77235412597656

--- [DEBUG] ANALOG PACKET RECEIVED ---

--- [DEBUG] ANALOG PACKET RECEIVED ---
Index: 3 | Value: 2365.33935546875
Index: 4 | Value: 2411.920166015625
Index: 5 | Value: 2400.09423828125
Index: 12 | Value: 2357.145751953125
Index: 13 | Value: 2399.3564453125
Indices [(3, 2365.33935546875), (4, 2411.920166015625), (5, 2400.09423828125), (12, 2357.145751953125), (13, 2399.3564453125)]
3 ... 2365.33935546875
4 ... 2411.920166015625
5 ... 2400.09423828125
12 ... 2357.145751953125
13 ... 2399.3564453125

--- [DEBUG] ANALOG PACKET RECEIVED ---

--- [DEBUG] ANALOG PACKET RECEIVED ---
Index: 3 | Value: 2368.90380859375
Index: 4 | Value: 2414.319091796875
Index: 5 | Value: 2409.986328125
Index: 12 | Value: 2361.325927734375
Index: 13 | Value: 2403.9375
Index: 14 | Value: 2404.577392578125
Index: 27 | Value: 2355.319091796875
Index: 28 | Value: 2385.015869140625
Index: 29 | Value: 2394.44580078125
Index: 30 | Value: 2353.108154296875
Index: 31 | Value: 2383.6552734375
Index: 32 | Value: 2393.462646484375
Index: 57 | Value: 209.81170654296875
Index: 58 | Value: 251.5175323486328
Index: 59 | Value: 230.73526000976562
Index: 60 | Value: 171.83294677734375
Index: 61 | Value: 201.50375366210938
Index: 62 | Value: 198.9649658203125
Index: 63 | Value: 93.10279846191406
Index: 64 | Value: 122.29261016845703
Index: 65 | Value: 139.0631561279297
Index: 66 | Value: 122.6936264038086
Index: 67 | Value: 123.0269546508789
Index: 68 | Value: 122.75382232666016
Index: 69 | Value: 28.28977394104004
Index: 70 | Value: 55.10730743408203
Index: 71 | Value: 48.39482116699219
Indices [(3, 2368.90380859375), (4, 2414.319091796875), (5, 2409.986328125), (12, 2361.325927734375), (13, 2403.9375), (14, 2404.577392578125), (27, 2355.319091796875), (28, 2385.015869140625), (29, 2394.44580078125), (30, 2353.108154296875), (31, 2383.6552734375), (32, 2393.462646484375), (57, 209.81170654296875), (58, 251.5175323486328), (59, 230.73526000976562), (60, 171.83294677734375), (61, 201.50375366210938), (62, 198.9649658203125), (63, 93.10279846191406), (64, 122.29261016845703), (65, 139.0631561279297), (66, 122.6936264038086), (67, 123.0269546508789), (68, 122.75382232666016), (69, 28.28977394104004), (70, 55.10730743408203), (71, 48.39482116699219)]
3 ... 2368.90380859375
4 ... 2414.319091796875
5 ... 2409.986328125
12 ... 2361.325927734375
13 ... 2403.9375
14 ... 2404.577392578125
27 ... 2355.319091796875
28 ... 2385.015869140625
29 ... 2394.44580078125
30 ... 2353.108154296875
31 ... 2383.6552734375
32 ... 2393.462646484375
57 ... 209.81170654296875
58 ... 251.5175323486328
59 ... 230.73526000976562
60 ... 171.83294677734375
61 ... 201.50375366210938
62 ... 198.9649658203125
63 ... 93.10279846191406
64 ... 122.29261016845703
65 ... 139.0631561279297
66 ... 122.6936264038086
67 ... 123.0269546508789
68 ... 122.75382232666016
69 ... 28.28977394104004
70 ... 55.10730743408203
71 ... 48.39482116699219

--- [DEBUG] ANALOG PACKET RECEIVED ---

--- [DEBUG] ANALOG PACKET RECEIVED ---
Index: 3 | Value: 2366.3759765625
Index: 4 | Value: 2417.26806640625
Index: 5 | Value: 2401.45947265625
Index: 12 | Value: 2359.869873046875
Index: 13 | Value: 2404.295654296875
Indices [(3, 2366.3759765625), (4, 2417.26806640625), (5, 2401.45947265625), (12, 2359.869873046875), (13, 2404.295654296875)]
3 ... 2366.3759765625
4 ... 2417.26806640625
5 ... 2401.45947265625
12 ... 2359.869873046875
13 ... 2404.295654296875

--- [DEBUG] ANALOG PACKET RECEIVED ---

--- [DEBUG] ANALOG PACKET RECEIVED ---
Index: 14 | Value: 2394.871826171875
Index: 27 | Value: 2353.060791015625
Index: 28 | Value: 2385.81787109375
Index: 29 | Value: 2391.198486328125
Index: 30 | Value: 2350.388671875
Index: 31 | Value: 2385.49609375
Index: 32 | Value: 2391.63720703125
Index: 57 | Value: 194.25
Index: 58 | Value: 229.8138427734375
Index: 59 | Value: 212.2863006591797
Index: 60 | Value: 178.0225067138672
Index: 61 | Value: 212.85025024414062
Index: 62 | Value: 208.9285888671875
Index: 63 | Value: 96.81106567382812
Index: 64 | Value: 132.85986328125
Index: 65 | Value: 147.1601104736328
Index: 66 | Value: 129.31578063964844
Index: 67 | Value: 128.8169708251953
Index: 68 | Value: 130.49407958984375
Index: 69 | Value: 32.73524475097656
Index: 70 | Value: 62.74410629272461
Index: 71 | Value: 65.74909973144531
Indices [(14, 2394.871826171875), (27, 2353.060791015625), (28, 2385.81787109375), (29, 2391.198486328125), (30, 2350.388671875), (31, 2385.49609375), (32, 2391.63720703125), (57, 194.25), (58, 229.8138427734375), (59, 212.2863006591797), (60, 178.0225067138672), (61, 212.85025024414062), (62, 208.9285888671875), (63, 96.81106567382812), (64, 132.85986328125), (65, 147.1601104736328), (66, 129.31578063964844), (67, 128.8169708251953), (68, 130.49407958984375), (69, 32.73524475097656), (70, 62.74410629272461), (71, 65.74909973144531)]
14 ... 2394.871826171875
27 ... 2353.060791015625
28 ... 2385.81787109375
29 ... 2391.198486328125
30 ... 2350.388671875
31 ... 2385.49609375
32 ... 2391.63720703125
57 ... 194.25
58 ... 229.8138427734375
59 ... 212.2863006591797
60 ... 178.0225067138672
61 ... 212.85025024414062
62 ... 208.9285888671875
63 ... 96.81106567382812
64 ... 132.85986328125
65 ... 147.1601104736328
66 ... 129.31578063964844
67 ... 128.8169708251953
68 ... 130.49407958984375
69 ... 32.73524475097656
70 ... 62.74410629272461
71 ... 65.74909973144531

--- [DEBUG] ANALOG PACKET RECEIVED ---

--- [DEBUG] ANALOG PACKET RECEIVED ---
Index: 3 | Value: 2355.8681640625
Index: 4 | Value: 2419.923828125
Index: 5 | Value: 2394.76513671875
Index: 12 | Value: 2345.502685546875
Index: 13 | Value: 2407.5224609375
Indices [(3, 2355.8681640625), (4, 2419.923828125), (5, 2394.76513671875), (12, 2345.502685546875), (13, 2407.5224609375)]
3 ... 2355.8681640625
4 ... 2419.923828125
5 ... 2394.76513671875
12 ... 2345.502685546875
13 ... 2407.5224609375

--- [DEBUG] ANALOG PACKET RECEIVED ---

--- [DEBUG] ANALOG PACKET RECEIVED ---
Index: 69 | Value: 29.017030715942383
Index: 70 | Value: 58.48587417602539
Index: 71 | Value: 70.52397155761719
Index: 3 | Value: 2360.918212890625
Index: 4 | Value: 2404.076171875
Index: 5 | Value: 2388.025146484375
Index: 12 | Value: 2351.40625
Index: 13 | Value: 2389.54296875
Index: 14 | Value: 2377.270751953125
Index: 27 | Value: 2344.26171875
Index: 28 | Value: 2370.251953125
Index: 29 | Value: 2371.775634765625
Index: 30 | Value: 2341.60009765625
Index: 31 | Value: 2368.88037109375
Index: 32 | Value: 2371.647705078125
Index: 57 | Value: 199.01040649414062
Index: 58 | Value: 235.6352081298828
Index: 59 | Value: 222.3572998046875
Index: 60 | Value: 165.2042999267578
Index: 61 | Value: 203.71861267089844
Index: 62 | Value: 196.5340576171875
Index: 63 | Value: 84.34484100341797
Index: 64 | Value: 124.31732177734375
Index: 65 | Value: 134.037353515625
Index: 66 | Value: 120.62354278564453
Index: 67 | Value: 123.53347778320312
Index: 68 | Value: 124.9153060913086
Indices [(69, 29.017030715942383), (70, 58.48587417602539), (71, 70.52397155761719), (3, 2360.918212890625), (4, 2404.076171875), (5, 2388.025146484375), (12, 2351.40625), (13, 2389.54296875), (14, 2377.270751953125), (27, 2344.26171875), (28, 2370.251953125), (29, 2371.775634765625), (30, 2341.60009765625), (31, 2368.88037109375), (32, 2371.647705078125), (57, 199.01040649414062), (58, 235.6352081298828), (59, 222.3572998046875), (60, 165.2042999267578), (61, 203.71861267089844), (62, 196.5340576171875), (63, 84.34484100341797), (64, 124.31732177734375), (65, 134.037353515625), (66, 120.62354278564453), (67, 123.53347778320312), (68, 124.9153060913086)]
69 ... 29.017030715942383
70 ... 58.48587417602539
71 ... 70.52397155761719
3 ... 2360.918212890625
4 ... 2404.076171875
5 ... 2388.025146484375
12 ... 2351.40625
13 ... 2389.54296875
14 ... 2377.270751953125
27 ... 2344.26171875
28 ... 2370.251953125
29 ... 2371.775634765625
30 ... 2341.60009765625
31 ... 2368.88037109375
32 ... 2371.647705078125
57 ... 199.01040649414062
58 ... 235.6352081298828
59 ... 222.3572998046875
60 ... 165.2042999267578
61 ... 203.71861267089844
62 ... 196.5340576171875
63 ... 84.34484100341797
64 ... 124.31732177734375
65 ... 134.037353515625
66 ... 120.62354278564453
67 ... 123.53347778320312
68 ... 124.9153060913086

--- [DEBUG] ANALOG PACKET RECEIVED ---

--- [DEBUG] ANALOG PACKET RECEIVED ---
Index: 3 | Value: 2360.557373046875
Index: 4 | Value: 2396.793701171875
Index: 5 | Value: 2389.274658203125
Index: 12 | Value: 2350.74169921875
Index: 13 | Value: 2381.43115234375
Index: 14 | Value: 2380.011474609375
Index: 27 | Value: 2343.449462890625
Index: 28 | Value: 2364.21240234375
Index: 29 | Value: 2373.957763671875
Index: 30 | Value: 2340.82861328125
Index: 31 | Value: 2363.137939453125
Index: 32 | Value: 2373.410400390625
Index: 57 | Value: 198.33468627929688
Index: 58 | Value: 247.82513427734375
Index: 59 | Value: 238.98291015625
Index: 60 | Value: 165.7770233154297
Index: 61 | Value: 202.63925170898438
Index: 62 | Value: 196.79049682617188
Index: 63 | Value: 84.41276550292969
Index: 64 | Value: 123.37249755859375
Index: 65 | Value: 134.33889770507812
Index: 66 | Value: 121.1034927368164
Index: 67 | Value: 124.39990997314453
Index: 68 | Value: 127.3739013671875
Index: 69 | Value: 28.627639770507812
Index: 70 | Value: 60.75151443481445
Index: 71 | Value: 69.71991729736328
Indices [(3, 2360.557373046875), (4, 2396.793701171875), (5, 2389.274658203125), (12, 2350.74169921875), (13, 2381.43115234375), (14, 2380.011474609375), (27, 2343.449462890625), (28, 2364.21240234375), (29, 2373.957763671875), (30, 2340.82861328125), (31, 2363.137939453125), (32, 2373.410400390625), (57, 198.33468627929688), (58, 247.82513427734375), (59, 238.98291015625), (60, 165.7770233154297), (61, 202.63925170898438), (62, 196.79049682617188), (63, 84.41276550292969), (64, 123.37249755859375), (65, 134.33889770507812), (66, 121.1034927368164), (67, 124.39990997314453), (68, 127.3739013671875), (69, 28.627639770507812), (70, 60.75151443481445), (71, 69.71991729736328)]
3 ... 2360.557373046875
4 ... 2396.793701171875
5 ... 2389.274658203125
12 ... 2350.74169921875
13 ... 2381.43115234375
14 ... 2380.011474609375
27 ... 2343.449462890625
28 ... 2364.21240234375
29 ... 2373.957763671875
30 ... 2340.82861328125
31 ... 2363.137939453125
32 ... 2373.410400390625
57 ... 198.33468627929688
58 ... 247.82513427734375
59 ... 238.98291015625
60 ... 165.7770233154297
61 ... 202.63925170898438
62 ... 196.79049682617188
63 ... 84.41276550292969
64 ... 123.37249755859375
65 ... 134.33889770507812
66 ... 121.1034927368164
67 ... 124.39990997314453
68 ... 127.3739013671875
69 ... 28.627639770507812
70 ... 60.75151443481445
71 ... 69.71991729736328

--- [DEBUG] ANALOG PACKET RECEIVED ---

--- [DEBUG] ANALOG PACKET RECEIVED ---
Index: 3 | Value: 2380.09814453125
Index: 4 | Value: 2426.01708984375
Index: 5 | Value: 2418.922607421875
Index: 12 | Value: 2375.0947265625
Index: 13 | Value: 2415.5517578125
Index: 14 | Value: 2417.39892578125
Index: 27 | Value: 2364.990234375
Index: 28 | Value: 2396.538330078125
Index: 29 | Value: 2411.88818359375
Index: 30 | Value: 2361.854736328125
Index: 31 | Value: 2395.74658203125
Index: 32 | Value: 2411.72509765625
Index: 57 | Value: 183.68862915039062
Index: 58 | Value: 230.66749572753906
Index: 59 | Value: 218.84542846679688
Index: 60 | Value: 174.29373168945312
Index: 61 | Value: 206.50953674316406
Index: 62 | Value: 199.8994598388672
Index: 63 | Value: 91.45606231689453
Index: 64 | Value: 126.76482391357422
Index: 65 | Value: 136.70115661621094
Index: 66 | Value: 127.09918212890625
Index: 67 | Value: 123.98754119873047
Index: 68 | Value: 125.84395599365234
Index: 69 | Value: 25.913881301879883
Index: 70 | Value: 60.1212158203125
Index: 71 | Value: 57.380714416503906
Indices [(3, 2380.09814453125), (4, 2426.01708984375), (5, 2418.922607421875), (12, 2375.0947265625), (13, 2415.5517578125), (14, 2417.39892578125), (27, 2364.990234375), (28, 2396.538330078125), (29, 2411.88818359375), (30, 2361.854736328125), (31, 2395.74658203125), (32, 2411.72509765625), (57, 183.68862915039062), (58, 230.66749572753906), (59, 218.84542846679688), (60, 174.29373168945312), (61, 206.50953674316406), (62, 199.8994598388672), (63, 91.45606231689453), (64, 126.76482391357422), (65, 136.70115661621094), (66, 127.09918212890625), (67, 123.98754119873047), (68, 125.84395599365234), (69, 25.913881301879883), (70, 60.1212158203125), (71, 57.380714416503906)]
3 ... 2380.09814453125
4 ... 2426.01708984375
5 ... 2418.922607421875
12 ... 2375.0947265625
13 ... 2415.5517578125
14 ... 2417.39892578125
27 ... 2364.990234375
28 ... 2396.538330078125
29 ... 2411.88818359375
30 ... 2361.854736328125
31 ... 2395.74658203125
32 ... 2411.72509765625
57 ... 183.68862915039062
58 ... 230.66749572753906
59 ... 218.84542846679688
60 ... 174.29373168945312
61 ... 206.50953674316406
62 ... 199.8994598388672
63 ... 91.45606231689453
64 ... 126.76482391357422
65 ... 136.70115661621094
66 ... 127.09918212890625
67 ... 123.98754119873047
68 ... 125.84395599365234
69 ... 25.913881301879883
70 ... 60.1212158203125
71 ... 57.380714416503906

--- [DEBUG] ANALOG PACKET RECEIVED ---

--- [DEBUG] ANALOG PACKET RECEIVED ---
Index: 3 | Value: 2381.9736328125
Index: 4 | Value: 2440.254150390625
Index: 5 | Value: 2429.60888671875
Index: 12 | Value: 2377.763427734375
Index: 13 | Value: 2432.643310546875
Indices [(3, 2381.9736328125), (4, 2440.254150390625), (5, 2429.60888671875), (12, 2377.763427734375), (13, 2432.643310546875)]
3 ... 2381.9736328125
4 ... 2440.254150390625
5 ... 2429.60888671875
12 ... 2377.763427734375
13 ... 2432.643310546875

--- [DEBUG] ANALOG PACKET RECEIVED ---

--- [DEBUG] ANALOG PACKET RECEIVED ---
Index: 3 | Value: 2377.021484375
Index: 4 | Value: 2435.52978515625
Index: 5 | Value: 2410.874755859375
Index: 12 | Value: 2371.622314453125
Index: 13 | Value: 2427.049072265625
Index: 14 | Value: 2403.196533203125
Index: 27 | Value: 2367.578125
Index: 28 | Value: 2412.099609375
Index: 29 | Value: 2392.89013671875
Index: 30 | Value: 2365.88037109375
Index: 31 | Value: 2412.4951171875
Index: 32 | Value: 2391.830078125
Index: 57 | Value: 172.1417236328125
Index: 58 | Value: 217.72421264648438
Index: 59 | Value: 176.5701141357422
Index: 60 | Value: 159.41152954101562
Index: 61 | Value: 194.69920349121094
Index: 62 | Value: 187.3670196533203
Index: 63 | Value: 82.90763092041016
Index: 64 | Value: 117.33857727050781
Index: 65 | Value: 127.09910583496094
Index: 66 | Value: 112.70320892333984
Index: 67 | Value: 120.85338592529297
Index: 68 | Value: 110.87342834472656
Index: 69 | Value: 34.66119384765625
Index: 70 | Value: 73.64373016357422
Index: 71 | Value: 52.26240158081055
Indices [(3, 2377.021484375), (4, 2435.52978515625), (5, 2410.874755859375), (12, 2371.622314453125), (13, 2427.049072265625), (14, 2403.196533203125), (27, 2367.578125), (28, 2412.099609375), (29, 2392.89013671875), (30, 2365.88037109375), (31, 2412.4951171875), (32, 2391.830078125), (57, 172.1417236328125), (58, 217.72421264648438), (59, 176.5701141357422), (60, 159.41152954101562), (61, 194.69920349121094), (62, 187.3670196533203), (63, 82.90763092041016), (64, 117.33857727050781), (65, 127.09910583496094), (66, 112.70320892333984), (67, 120.85338592529297), (68, 110.87342834472656), (69, 34.66119384765625), (70, 73.64373016357422), (71, 52.26240158081055)]
3 ... 2377.021484375
4 ... 2435.52978515625
5 ... 2410.874755859375
12 ... 2371.622314453125
13 ... 2427.049072265625
14 ... 2403.196533203125
27 ... 2367.578125
28 ... 2412.099609375
29 ... 2392.89013671875
30 ... 2365.88037109375
31 ... 2412.4951171875
32 ... 2391.830078125
57 ... 172.1417236328125
58 ... 217.72421264648438
59 ... 176.5701141357422
60 ... 159.41152954101562
61 ... 194.69920349121094
62 ... 187.3670196533203
63 ... 82.90763092041016
64 ... 117.33857727050781
65 ... 127.09910583496094
66 ... 112.70320892333984
67 ... 120.85338592529297
68 ... 110.87342834472656
69 ... 34.66119384765625
70 ... 73.64373016357422
71 ... 52.26240158081055

--- [DEBUG] ANALOG PACKET RECEIVED ---

--- [DEBUG] ANALOG PACKET RECEIVED ---
Index: 3 | Value: 2369.476318359375
Index: 4 | Value: 2415.36474609375
Index: 5 | Value: 2404.70947265625
Index: 12 | Value: 2362.58935546875
Index: 13 | Value: 2402.172607421875
Index: 14 | Value: 2397.249755859375
Index: 27 | Value: 2358.0791015625
Index: 28 | Value: 2387.87841796875
Index: 29 | Value: 2391.824951171875
Index: 30 | Value: 2356.036376953125
Index: 31 | Value: 2384.674072265625
Index: 32 | Value: 2390.3330078125
Index: 57 | Value: 176.71873474121094
Index: 58 | Value: 219.27549743652344
Index: 59 | Value: 197.6638641357422
Index: 60 | Value: 159.570556640625
Index: 61 | Value: 188.7090301513672
Index: 62 | Value: 179.82142639160156
Index: 63 | Value: 83.35347747802734
Index: 64 | Value: 110.65484619140625
Index: 65 | Value: 121.45028686523438
Index: 66 | Value: 112.8879623413086
Index: 67 | Value: 113.1663589477539
Index: 68 | Value: 107.39190673828125
Index: 69 | Value: 35.60288619995117
Index: 70 | Value: 68.98304748535156
Index: 71 | Value: 44.269622802734375
Indices [(3, 2369.476318359375), (4, 2415.36474609375), (5, 2404.70947265625), (12, 2362.58935546875), (13, 2402.172607421875), (14, 2397.249755859375), (27, 2358.0791015625), (28, 2387.87841796875), (29, 2391.824951171875), (30, 2356.036376953125), (31, 2384.674072265625), (32, 2390.3330078125), (57, 176.71873474121094), (58, 219.27549743652344), (59, 197.6638641357422), (60, 159.570556640625), (61, 188.7090301513672), (62, 179.82142639160156), (63, 83.35347747802734), (64, 110.65484619140625), (65, 121.45028686523438), (66, 112.8879623413086), (67, 113.1663589477539), (68, 107.39190673828125), (69, 35.60288619995117), (70, 68.98304748535156), (71, 44.269622802734375)]
3 ... 2369.476318359375
4 ... 2415.36474609375
5 ... 2404.70947265625
12 ... 2362.58935546875
13 ... 2402.172607421875
14 ... 2397.249755859375
27 ... 2358.0791015625
28 ... 2387.87841796875
29 ... 2391.824951171875
30 ... 2356.036376953125
31 ... 2384.674072265625
32 ... 2390.3330078125
57 ... 176.71873474121094
58 ... 219.27549743652344
59 ... 197.6638641357422
60 ... 159.570556640625
61 ... 188.7090301513672
62 ... 179.82142639160156
63 ... 83.35347747802734
64 ... 110.65484619140625
65 ... 121.45028686523438
66 ... 112.8879623413086
67 ... 113.1663589477539
68 ... 107.39190673828125
69 ... 35.60288619995117
70 ... 68.98304748535156
71 ... 44.269622802734375

--- [DEBUG] ANALOG PACKET RECEIVED ---

--- [DEBUG] ANALOG PACKET RECEIVED ---
Index: 3 | Value: 2379.416748046875
Index: 4 | Value: 2422.29150390625
Index: 5 | Value: 2410.763427734375
Index: 12 | Value: 2372.87939453125
Index: 13 | Value: 2411.16064453125
Index: 14 | Value: 2405.5615234375
Index: 27 | Value: 2367.978271484375
Index: 28 | Value: 2394.976806640625
Index: 29 | Value: 2403.29443359375
Index: 30 | Value: 2366.26953125
Index: 31 | Value: 2394.639892578125
Index: 32 | Value: 2403.82470703125
Index: 57 | Value: 203.01058959960938
Index: 58 | Value: 232.72193908691406
Index: 59 | Value: 215.59469604492188
Index: 60 | Value: 151.7559356689453
Index: 61 | Value: 187.44979858398438
Index: 62 | Value: 179.87579345703125
Index: 63 | Value: 74.0963134765625
Index: 64 | Value: 108.83161926269531
Index: 65 | Value: 119.76527404785156
Index: 66 | Value: 112.36773681640625
Index: 67 | Value: 111.63325500488281
Index: 68 | Value: 109.3498764038086
Index: 69 | Value: 35.665218353271484
Index: 70 | Value: 55.7357177734375
Index: 71 | Value: 43.000274658203125
Indices [(3, 2379.416748046875), (4, 2422.29150390625), (5, 2410.763427734375), (12, 2372.87939453125), (13, 2411.16064453125), (14, 2405.5615234375), (27, 2367.978271484375), (28, 2394.976806640625), (29, 2403.29443359375), (30, 2366.26953125), (31, 2394.639892578125), (32, 2403.82470703125), (57, 203.01058959960938), (58, 232.72193908691406), (59, 215.59469604492188), (60, 151.7559356689453), (61, 187.44979858398438), (62, 179.87579345703125), (63, 74.0963134765625), (64, 108.83161926269531), (65, 119.76527404785156), (66, 112.36773681640625), (67, 111.63325500488281), (68, 109.3498764038086), (69, 35.665218353271484), (70, 55.7357177734375), (71, 43.000274658203125)]
3 ... 2379.416748046875
4 ... 2422.29150390625
5 ... 2410.763427734375
12 ... 2372.87939453125
13 ... 2411.16064453125
14 ... 2405.5615234375
27 ... 2367.978271484375
28 ... 2394.976806640625
29 ... 2403.29443359375
30 ... 2366.26953125
31 ... 2394.639892578125
32 ... 2403.82470703125
57 ... 203.01058959960938
58 ... 232.72193908691406
59 ... 215.59469604492188
60 ... 151.7559356689453
61 ... 187.44979858398438
62 ... 179.87579345703125
63 ... 74.0963134765625
64 ... 108.83161926269531
65 ... 119.76527404785156
66 ... 112.36773681640625
67 ... 111.63325500488281
68 ... 109.3498764038086
69 ... 35.665218353271484
70 ... 55.7357177734375
71 ... 43.000274658203125

--- [DEBUG] ANALOG PACKET RECEIVED ---

--- [DEBUG] ANALOG PACKET RECEIVED ---
Index: 3 | Value: 2373.40869140625
Index: 4 | Value: 2423.920166015625
Index: 5 | Value: 2414.899658203125
Index: 12 | Value: 2369.902099609375
Index: 13 | Value: 2413.455322265625
Indices [(3, 2373.40869140625), (4, 2423.920166015625), (5, 2414.899658203125), (12, 2369.902099609375), (13, 2413.455322265625)]
3 ... 2373.40869140625
4 ... 2423.920166015625
5 ... 2414.899658203125
12 ... 2369.902099609375
13 ... 2413.455322265625

--- [DEBUG] ANALOG PACKET RECEIVED ---

--- [DEBUG] ANALOG PACKET RECEIVED ---
Index: 14 | Value: 2409.610595703125
Index: 27 | Value: 2363.78564453125
Index: 28 | Value: 2394.87353515625
Index: 29 | Value: 2398.92724609375
Index: 30 | Value: 2361.323486328125
Index: 31 | Value: 2394.121337890625
Index: 32 | Value: 2398.181884765625
Index: 57 | Value: 181.02186584472656
Index: 58 | Value: 223.26292419433594
Index: 59 | Value: 218.80128479003906
Index: 60 | Value: 180.77191162109375
Index: 61 | Value: 212.5233154296875
Index: 62 | Value: 205.18836975097656
Index: 63 | Value: 100.27271270751953
Index: 64 | Value: 133.14613342285156
Index: 65 | Value: 144.0491943359375
Index: 66 | Value: 131.72808837890625
Index: 67 | Value: 129.19271850585938
Index: 68 | Value: 126.54303741455078
Index: 69 | Value: 35.5722770690918
Index: 70 | Value: 56.717411041259766
Index: 71 | Value: 52.66953659057617
Indices [(14, 2409.610595703125), (27, 2363.78564453125), (28, 2394.87353515625), (29, 2398.92724609375), (30, 2361.323486328125), (31, 2394.121337890625), (32, 2398.181884765625), (57, 181.02186584472656), (58, 223.26292419433594), (59, 218.80128479003906), (60, 180.77191162109375), (61, 212.5233154296875), (62, 205.18836975097656), (63, 100.27271270751953), (64, 133.14613342285156), (65, 144.0491943359375), (66, 131.72808837890625), (67, 129.19271850585938), (68, 126.54303741455078), (69, 35.5722770690918), (70, 56.717411041259766), (71, 52.66953659057617)]
14 ... 2409.610595703125
27 ... 2363.78564453125
28 ... 2394.87353515625
29 ... 2398.92724609375
30 ... 2361.323486328125
31 ... 2394.121337890625
32 ... 2398.181884765625
57 ... 181.02186584472656
58 ... 223.26292419433594
59 ... 218.80128479003906
60 ... 180.77191162109375
61 ... 212.5233154296875
62 ... 205.18836975097656
63 ... 100.27271270751953
64 ... 133.14613342285156
65 ... 144.0491943359375
66 ... 131.72808837890625
67 ... 129.19271850585938
68 ... 126.54303741455078
69 ... 35.5722770690918
70 ... 56.717411041259766
71 ... 52.66953659057617

--- [DEBUG] ANALOG PACKET RECEIVED ---

--- [DEBUG] ANALOG PACKET RECEIVED ---
Index: 3 | Value: 2356.853759765625
Index: 4 | Value: 2423.372802734375
Index: 5 | Value: 2405.048583984375
Index: 12 | Value: 2347.539306640625
Index: 13 | Value: 2412.1669921875
Indices [(3, 2356.853759765625), (4, 2423.372802734375), (5, 2405.048583984375), (12, 2347.539306640625), (13, 2412.1669921875)]
3 ... 2356.853759765625
4 ... 2423.372802734375
5 ... 2405.048583984375
12 ... 2347.539306640625
13 ... 2412.1669921875

--- [DEBUG] ANALOG PACKET RECEIVED ---

--- [DEBUG] ANALOG PACKET RECEIVED ---
Index: 14 | Value: 2398.55859375
Index: 27 | Value: 2340.8701171875
Index: 28 | Value: 2394.607177734375
Index: 29 | Value: 2394.482421875
Index: 30 | Value: 2338.179443359375
Index: 31 | Value: 2394.446533203125
Index: 32 | Value: 2394.82177734375
Index: 57 | Value: 184.537353515625
Index: 58 | Value: 237.18736267089844
Index: 59 | Value: 206.2612762451172
Index: 60 | Value: 170.92245483398438
Index: 61 | Value: 208.19793701171875
Index: 62 | Value: 205.1078338623047
Index: 63 | Value: 90.86075592041016
Index: 64 | Value: 129.4302215576172
Index: 65 | Value: 142.2903594970703
Index: 66 | Value: 125.05799865722656
Index: 67 | Value: 125.83187103271484
Index: 68 | Value: 130.1159210205078
Index: 69 | Value: 29.011497497558594
Index: 70 | Value: 65.42557525634766
Index: 71 | Value: 71.16753387451172
Indices [(14, 2398.55859375), (27, 2340.8701171875), (28, 2394.607177734375), (29, 2394.482421875), (30, 2338.179443359375), (31, 2394.446533203125), (32, 2394.82177734375), (57, 184.537353515625), (58, 237.18736267089844), (59, 206.2612762451172), (60, 170.92245483398438), (61, 208.19793701171875), (62, 205.1078338623047), (63, 90.86075592041016), (64, 129.4302215576172), (65, 142.2903594970703), (66, 125.05799865722656), (67, 125.83187103271484), (68, 130.1159210205078), (69, 29.011497497558594), (70, 65.42557525634766), (71, 71.16753387451172)]
14 ... 2398.55859375
27 ... 2340.8701171875
28 ... 2394.607177734375
29 ... 2394.482421875
30 ... 2338.179443359375
31 ... 2394.446533203125
32 ... 2394.82177734375
57 ... 184.537353515625
58 ... 237.18736267089844
59 ... 206.2612762451172
60 ... 170.92245483398438
61 ... 208.19793701171875
62 ... 205.1078338623047
63 ... 90.86075592041016
64 ... 129.4302215576172
65 ... 142.2903594970703
66 ... 125.05799865722656
67 ... 125.83187103271484
68 ... 130.1159210205078
69 ... 29.011497497558594
70 ... 65.42557525634766
71 ... 71.16753387451172

--- [DEBUG] ANALOG PACKET RECEIVED ---

--- [DEBUG] ANALOG PACKET RECEIVED ---
Index: 3 | Value: 2371.98095703125
Index: 4 | Value: 2419.907470703125
Index: 5 | Value: 2411.54541015625
Index: 12 | Value: 2366.068115234375
Index: 13 | Value: 2408.303466796875
Indices [(3, 2371.98095703125), (4, 2419.907470703125), (5, 2411.54541015625), (12, 2366.068115234375), (13, 2408.303466796875)]
3 ... 2371.98095703125
4 ... 2419.907470703125
5 ... 2411.54541015625
12 ... 2366.068115234375
13 ... 2408.303466796875

--- [DEBUG] ANALOG PACKET RECEIVED ---

--- [DEBUG] ANALOG PACKET RECEIVED ---
Index: 14 | Value: 2409.5166015625
Index: 27 | Value: 2358.978271484375
Index: 28 | Value: 2387.99755859375
Index: 29 | Value: 2404.606201171875
Index: 30 | Value: 2356.57568359375
Index: 31 | Value: 2386.8759765625
Index: 32 | Value: 2404.748046875
Index: 57 | Value: 210.9995880126953
Index: 58 | Value: 248.5483856201172
Index: 59 | Value: 233.9763641357422
Index: 60 | Value: 181.95364379882812
Index: 61 | Value: 207.94924926757812
Index: 62 | Value: 205.22210693359375
Index: 63 | Value: 100.26811218261719
Index: 64 | Value: 128.584228515625
Index: 65 | Value: 145.020263671875
Index: 66 | Value: 134.02723693847656
Index: 67 | Value: 125.23161315917969
Index: 68 | Value: 129.26004028320312
Index: 69 | Value: 34.55820083618164
Index: 70 | Value: 50.0005989074707
Index: 71 | Value: 53.775352478027344
Indices [(14, 2409.5166015625), (27, 2358.978271484375), (28, 2387.99755859375), (29, 2404.606201171875), (30, 2356.57568359375), (31, 2386.8759765625), (32, 2404.748046875), (57, 210.9995880126953), (58, 248.5483856201172), (59, 233.9763641357422), (60, 181.95364379882812), (61, 207.94924926757812), (62, 205.22210693359375), (63, 100.26811218261719), (64, 128.584228515625), (65, 145.020263671875), (66, 134.02723693847656), (67, 125.23161315917969), (68, 129.26004028320312), (69, 34.55820083618164), (70, 50.0005989074707), (71, 53.775352478027344)]
14 ... 2409.5166015625
27 ... 2358.978271484375
28 ... 2387.99755859375
29 ... 2404.606201171875
30 ... 2356.57568359375
31 ... 2386.8759765625
32 ... 2404.748046875
57 ... 210.9995880126953
58 ... 248.5483856201172
59 ... 233.9763641357422
60 ... 181.95364379882812
61 ... 207.94924926757812
62 ... 205.22210693359375
63 ... 100.26811218261719
64 ... 128.584228515625
65 ... 145.020263671875
66 ... 134.02723693847656
67 ... 125.23161315917969
68 ... 129.26004028320312
69 ... 34.55820083618164
70 ... 50.0005989074707
71 ... 53.775352478027344

--- [DEBUG] ANALOG PACKET RECEIVED ---

--- [DEBUG] ANALOG PACKET RECEIVED ---
Index: 3 | Value: 2370.948486328125
Index: 4 | Value: 2409.801513671875
Index: 5 | Value: 2404.855224609375
Index: 12 | Value: 2365.302734375
Index: 13 | Value: 2397.05615234375
Indices [(3, 2370.948486328125), (4, 2409.801513671875), (5, 2404.855224609375), (12, 2365.302734375), (13, 2397.05615234375)]
3 ... 2370.948486328125
4 ... 2409.801513671875
5 ... 2404.855224609375
12 ... 2365.302734375
13 ... 2397.05615234375

--- [DEBUG] ANALOG PACKET RECEIVED ---

--- [DEBUG] ANALOG PACKET RECEIVED ---
Index: 14 | Value: 2400.4033203125
Index: 27 | Value: 2357.477294921875
Index: 28 | Value: 2376.306396484375
Index: 29 | Value: 2396.935302734375
Index: 30 | Value: 2354.88525390625
Index: 31 | Value: 2375.067626953125
Index: 32 | Value: 2397.4921875
Index: 57 | Value: 194.51260375976562
Index: 58 | Value: 219.50904846191406
Index: 59 | Value: 216.24620056152344
Index: 60 | Value: 184.1423797607422
Index: 61 | Value: 214.76844787597656
Index: 62 | Value: 211.44094848632812
Index: 63 | Value: 103.81978607177734
Index: 64 | Value: 137.12078857421875
Index: 65 | Value: 152.21966552734375
Index: 66 | Value: 133.79588317871094
Index: 67 | Value: 131.81959533691406
Index: 68 | Value: 133.51451110839844
Index: 69 | Value: 32.37540817260742
Index: 70 | Value: 57.48680877685547
Index: 71 | Value: 64.081787109375
Indices [(14, 2400.4033203125), (27, 2357.477294921875), (28, 2376.306396484375), (29, 2396.935302734375), (30, 2354.88525390625), (31, 2375.067626953125), (32, 2397.4921875), (57, 194.51260375976562), (58, 219.50904846191406), (59, 216.24620056152344), (60, 184.1423797607422), (61, 214.76844787597656), (62, 211.44094848632812), (63, 103.81978607177734), (64, 137.12078857421875), (65, 152.21966552734375), (66, 133.79588317871094), (67, 131.81959533691406), (68, 133.51451110839844), (69, 32.37540817260742), (70, 57.48680877685547), (71, 64.081787109375)]
14 ... 2400.4033203125
27 ... 2357.477294921875
28 ... 2376.306396484375
29 ... 2396.935302734375
30 ... 2354.88525390625
31 ... 2375.067626953125
32 ... 2397.4921875
57 ... 194.51260375976562
58 ... 219.50904846191406
59 ... 216.24620056152344
60 ... 184.1423797607422
61 ... 214.76844787597656
62 ... 211.44094848632812
63 ... 103.81978607177734
64 ... 137.12078857421875
65 ... 152.21966552734375
66 ... 133.79588317871094
67 ... 131.81959533691406
68 ... 133.51451110839844
69 ... 32.37540817260742
70 ... 57.48680877685547
71 ... 64.081787109375

--- [DEBUG] ANALOG PACKET RECEIVED ---

--- [DEBUG] ANALOG PACKET RECEIVED ---
Index: 3 | Value: 2354.621826171875
Index: 4 | Value: 2406.6533203125
Index: 5 | Value: 2405.058349609375
Index: 12 | Value: 2345.62744140625
Index: 13 | Value: 2393.495849609375
Index: 14 | Value: 2400.244140625
Index: 27 | Value: 2338.073974609375
Index: 28 | Value: 2375.509765625
Index: 29 | Value: 2396.933349609375
Index: 30 | Value: 2335.195068359375
Index: 31 | Value: 2375.091064453125
Index: 32 | Value: 2397.47705078125
Index: 57 | Value: 189.8250274658203
Index: 58 | Value: 233.93270874023438
Index: 59 | Value: 219.3534393310547
Index: 60 | Value: 182.0532684326172
Index: 61 | Value: 211.07260131835938
Index: 62 | Value: 212.09445190429688
Index: 63 | Value: 101.59378051757812
Index: 64 | Value: 134.44998168945312
Index: 65 | Value: 153.1035614013672
Index: 66 | Value: 130.5249786376953
Index: 67 | Value: 131.52267456054688
Index: 68 | Value: 134.3398895263672
Index: 69 | Value: 30.3985595703125
Index: 70 | Value: 60.03728485107422
Index: 71 | Value: 66.68446350097656
Indices [(3, 2354.621826171875), (4, 2406.6533203125), (5, 2405.058349609375), (12, 2345.62744140625), (13, 2393.495849609375), (14, 2400.244140625), (27, 2338.073974609375), (28, 2375.509765625), (29, 2396.933349609375), (30, 2335.195068359375), (31, 2375.091064453125), (32, 2397.47705078125), (57, 189.8250274658203), (58, 233.93270874023438), (59, 219.3534393310547), (60, 182.0532684326172), (61, 211.07260131835938), (62, 212.09445190429688), (63, 101.59378051757812), (64, 134.44998168945312), (65, 153.1035614013672), (66, 130.5249786376953), (67, 131.52267456054688), (68, 134.3398895263672), (69, 30.3985595703125), (70, 60.03728485107422), (71, 66.68446350097656)]
3 ... 2354.621826171875
4 ... 2406.6533203125
5 ... 2405.058349609375
12 ... 2345.62744140625
13 ... 2393.495849609375
14 ... 2400.244140625
27 ... 2338.073974609375
28 ... 2375.509765625
29 ... 2396.933349609375
30 ... 2335.195068359375
31 ... 2375.091064453125
32 ... 2397.47705078125
57 ... 189.8250274658203
58 ... 233.93270874023438
59 ... 219.3534393310547
60 ... 182.0532684326172
61 ... 211.07260131835938
62 ... 212.09445190429688
63 ... 101.59378051757812
64 ... 134.44998168945312
65 ... 153.1035614013672
66 ... 130.5249786376953
67 ... 131.52267456054688
68 ... 134.3398895263672
69 ... 30.3985595703125
70 ... 60.03728485107422
71 ... 66.68446350097656

--- [DEBUG] ANALOG PACKET RECEIVED ---

--- [DEBUG] ANALOG PACKET RECEIVED ---
Index: 3 | Value: 2383.923095703125
Index: 4 | Value: 2446.857421875
Index: 5 | Value: 2422.64501953125
Index: 12 | Value: 2379.683837890625
Index: 13 | Value: 2439.466796875
Indices [(3, 2383.923095703125), (4, 2446.857421875), (5, 2422.64501953125), (12, 2379.683837890625), (13, 2439.466796875)]
3 ... 2383.923095703125
4 ... 2446.857421875
5 ... 2422.64501953125
12 ... 2379.683837890625
13 ... 2439.466796875

--- [DEBUG] ANALOG PACKET RECEIVED ---

--- [DEBUG] ANALOG PACKET RECEIVED ---
Index: 14 | Value: 2420.645263671875
Index: 27 | Value: 2373.5810546875
Index: 28 | Value: 2422.172119140625
Index: 29 | Value: 2419.191162109375
Index: 30 | Value: 2371.491943359375
Index: 31 | Value: 2421.974365234375
Index: 32 | Value: 2420.435302734375
Index: 57 | Value: 179.18289184570312
Index: 58 | Value: 201.6812744140625
Index: 59 | Value: 184.6327362060547
Index: 60 | Value: 152.02964782714844
Index: 61 | Value: 185.95408630371094
Index: 62 | Value: 186.16038513183594
Index: 63 | Value: 73.62950897216797
Index: 64 | Value: 108.52159118652344
Index: 65 | Value: 127.00874328613281
Index: 66 | Value: 107.62928009033203
Index: 67 | Value: 109.55677795410156
Index: 68 | Value: 114.70268249511719
Index: 69 | Value: 28.921232223510742
Index: 70 | Value: 51.46633529663086
Index: 71 | Value: 67.7417221069336
Indices [(14, 2420.645263671875), (27, 2373.5810546875), (28, 2422.172119140625), (29, 2419.191162109375), (30, 2371.491943359375), (31, 2421.974365234375), (32, 2420.435302734375), (57, 179.18289184570312), (58, 201.6812744140625), (59, 184.6327362060547), (60, 152.02964782714844), (61, 185.95408630371094), (62, 186.16038513183594), (63, 73.62950897216797), (64, 108.52159118652344), (65, 127.00874328613281), (66, 107.62928009033203), (67, 109.55677795410156), (68, 114.70268249511719), (69, 28.921232223510742), (70, 51.46633529663086), (71, 67.7417221069336)]
14 ... 2420.645263671875
27 ... 2373.5810546875
28 ... 2422.172119140625
29 ... 2419.191162109375
30 ... 2371.491943359375
31 ... 2421.974365234375
32 ... 2420.435302734375
57 ... 179.18289184570312
58 ... 201.6812744140625
59 ... 184.6327362060547
60 ... 152.02964782714844
61 ... 185.95408630371094
62 ... 186.16038513183594
63 ... 73.62950897216797
64 ... 108.52159118652344
65 ... 127.00874328613281
66 ... 107.62928009033203
67 ... 109.55677795410156
68 ... 114.70268249511719
69 ... 28.921232223510742
70 ... 51.46633529663086
71 ... 67.7417221069336

--- [DEBUG] ANALOG PACKET RECEIVED ---

--- [DEBUG] ANALOG PACKET RECEIVED ---
Index: 3 | Value: 2369.53857421875
Index: 4 | Value: 2408.080322265625
Index: 5 | Value: 2395.90869140625
Index: 12 | Value: 2360.92041015625
Index: 13 | Value: 2393.4677734375
Indices [(3, 2369.53857421875), (4, 2408.080322265625), (5, 2395.90869140625), (12, 2360.92041015625), (13, 2393.4677734375)]
3 ... 2369.53857421875
4 ... 2408.080322265625
5 ... 2395.90869140625
12 ... 2360.92041015625
13 ... 2393.4677734375

--- [DEBUG] ANALOG PACKET RECEIVED ---

--- [DEBUG] ANALOG PACKET RECEIVED ---
Index: 3 | Value: 2371.15576171875
Index: 4 | Value: 2408.545654296875
Index: 5 | Value: 2406.34912109375
Index: 12 | Value: 2363.046630859375
Index: 13 | Value: 2395.941162109375
Index: 14 | Value: 2400.251708984375
Index: 27 | Value: 2356.952880859375
Index: 28 | Value: 2376.609130859375
Index: 29 | Value: 2391.74951171875
Index: 30 | Value: 2354.9248046875
Index: 31 | Value: 2374.689208984375
Index: 32 | Value: 2391.083740234375
Index: 57 | Value: 190.6494903564453
Index: 58 | Value: 237.5491943359375
Index: 59 | Value: 223.6464080810547
Index: 60 | Value: 153.62615966796875
Index: 61 | Value: 188.5861358642578
Index: 62 | Value: 183.42982482910156
Index: 63 | Value: 72.19511413574219
Index: 64 | Value: 107.65718841552734
Index: 65 | Value: 121.41995239257812
Index: 66 | Value: 109.82247924804688
Index: 67 | Value: 109.55045318603516
Index: 68 | Value: 114.96695709228516
Index: 69 | Value: 36.78505325317383
Index: 70 | Value: 38.62504959106445
Index: 71 | Value: 52.94887161254883
Indices [(3, 2371.15576171875), (4, 2408.545654296875), (5, 2406.34912109375), (12, 2363.046630859375), (13, 2395.941162109375), (14, 2400.251708984375), (27, 2356.952880859375), (28, 2376.609130859375), (29, 2391.74951171875), (30, 2354.9248046875), (31, 2374.689208984375), (32, 2391.083740234375), (57, 190.6494903564453), (58, 237.5491943359375), (59, 223.6464080810547), (60, 153.62615966796875), (61, 188.5861358642578), (62, 183.42982482910156), (63, 72.19511413574219), (64, 107.65718841552734), (65, 121.41995239257812), (66, 109.82247924804688), (67, 109.55045318603516), (68, 114.96695709228516), (69, 36.78505325317383), (70, 38.62504959106445), (71, 52.94887161254883)]
3 ... 2371.15576171875
4 ... 2408.545654296875
5 ... 2406.34912109375
12 ... 2363.046630859375
13 ... 2395.941162109375
14 ... 2400.251708984375
27 ... 2356.952880859375
28 ... 2376.609130859375
29 ... 2391.74951171875
30 ... 2354.9248046875
31 ... 2374.689208984375
32 ... 2391.083740234375
57 ... 190.6494903564453
58 ... 237.5491943359375
59 ... 223.6464080810547
60 ... 153.62615966796875
61 ... 188.5861358642578
62 ... 183.42982482910156
63 ... 72.19511413574219
64 ... 107.65718841552734
65 ... 121.41995239257812
66 ... 109.82247924804688
67 ... 109.55045318603516
68 ... 114.96695709228516
69 ... 36.78505325317383
70 ... 38.62504959106445
71 ... 52.94887161254883

--- [DEBUG] ANALOG PACKET RECEIVED ---

--- [DEBUG] ANALOG PACKET RECEIVED ---
Index: 3 | Value: 2364.23095703125
Index: 4 | Value: 2420.37841796875
Index: 5 | Value: 2399.34814453125
Index: 12 | Value: 2355.01416015625
Index: 13 | Value: 2408.817626953125
Indices [(3, 2364.23095703125), (4, 2420.37841796875), (5, 2399.34814453125), (12, 2355.01416015625), (13, 2408.817626953125)]
3 ... 2364.23095703125
4 ... 2420.37841796875
5 ... 2399.34814453125
12 ... 2355.01416015625
13 ... 2408.817626953125

--- [DEBUG] ANALOG PACKET RECEIVED ---

--- [DEBUG] ANALOG PACKET RECEIVED ---
Index: 14 | Value: 2394.62255859375
Index: 27 | Value: 2347.747314453125
Index: 28 | Value: 2389.936279296875
Index: 29 | Value: 2394.505859375
Index: 30 | Value: 2345.432861328125
Index: 31 | Value: 2389.01806640625
Index: 32 | Value: 2395.408935546875
Index: 57 | Value: 173.09963989257812
Index: 58 | Value: 222.62661743164062
Index: 59 | Value: 189.61692810058594
Index: 60 | Value: 157.75485229492188
Index: 61 | Value: 193.5996551513672
Index: 62 | Value: 188.24612426757812
Index: 63 | Value: 76.93476104736328
Index: 64 | Value: 113.77586364746094
Index: 65 | Value: 126.89362335205078
Index: 66 | Value: 111.75591278076172
Index: 67 | Value: 114.17906188964844
Index: 68 | Value: 115.70991516113281
Index: 69 | Value: 30.76832389831543
Index: 70 | Value: 50.26203536987305
Index: 71 | Value: 69.5911636352539
Indices [(14, 2394.62255859375), (27, 2347.747314453125), (28, 2389.936279296875), (29, 2394.505859375), (30, 2345.432861328125), (31, 2389.01806640625), (32, 2395.408935546875), (57, 173.09963989257812), (58, 222.62661743164062), (59, 189.61692810058594), (60, 157.75485229492188), (61, 193.5996551513672), (62, 188.24612426757812), (63, 76.93476104736328), (64, 113.77586364746094), (65, 126.89362335205078), (66, 111.75591278076172), (67, 114.17906188964844), (68, 115.70991516113281), (69, 30.76832389831543), (70, 50.26203536987305), (71, 69.5911636352539)]
14 ... 2394.62255859375
27 ... 2347.747314453125
28 ... 2389.936279296875
29 ... 2394.505859375
30 ... 2345.432861328125
31 ... 2389.01806640625
32 ... 2395.408935546875
57 ... 173.09963989257812
58 ... 222.62661743164062
59 ... 189.61692810058594
60 ... 157.75485229492188
61 ... 193.5996551513672
62 ... 188.24612426757812
63 ... 76.93476104736328
64 ... 113.77586364746094
65 ... 126.89362335205078
66 ... 111.75591278076172
67 ... 114.17906188964844
68 ... 115.70991516113281
69 ... 30.76832389831543
70 ... 50.26203536987305
71 ... 69.5911636352539

--- [DEBUG] ANALOG PACKET RECEIVED ---

--- [DEBUG] ANALOG PACKET RECEIVED ---
Index: 3 | Value: 2364.6845703125
Index: 4 | Value: 2409.169677734375
Index: 5 | Value: 2396.326171875
Index: 12 | Value: 2355.743408203125
Index: 13 | Value: 2394.5595703125
Index: 14 | Value: 2388.711669921875
Index: 27 | Value: 2349.114501953125
Index: 28 | Value: 2377.59619140625
Index: 29 | Value: 2387.45556640625
Index: 30 | Value: 2346.658935546875
Index: 31 | Value: 2376.801025390625
Index: 32 | Value: 2388.47900390625
Index: 57 | Value: 187.814208984375
Index: 58 | Value: 228.90826416015625
Index: 59 | Value: 221.67413330078125
Index: 60 | Value: 157.0247802734375
Index: 61 | Value: 191.74790954589844
Index: 62 | Value: 187.3346405029297
Index: 63 | Value: 76.47862243652344
Index: 64 | Value: 112.0960693359375
Index: 65 | Value: 126.80168151855469
Index: 66 | Value: 113.41228485107422
Index: 67 | Value: 114.15460968017578
Index: 68 | Value: 119.0790023803711
Index: 69 | Value: 31.505006790161133
Index: 70 | Value: 53.221405029296875
Index: 71 | Value: 70.56523895263672
Indices [(3, 2364.6845703125), (4, 2409.169677734375), (5, 2396.326171875), (12, 2355.743408203125), (13, 2394.5595703125), (14, 2388.711669921875), (27, 2349.114501953125), (28, 2377.59619140625), (29, 2387.45556640625), (30, 2346.658935546875), (31, 2376.801025390625), (32, 2388.47900390625), (57, 187.814208984375), (58, 228.90826416015625), (59, 221.67413330078125), (60, 157.0247802734375), (61, 191.74790954589844), (62, 187.3346405029297), (63, 76.47862243652344), (64, 112.0960693359375), (65, 126.80168151855469), (66, 113.41228485107422), (67, 114.15460968017578), (68, 119.0790023803711), (69, 31.505006790161133), (70, 53.221405029296875), (71, 70.56523895263672)]
3 ... 2364.6845703125
4 ... 2409.169677734375
5 ... 2396.326171875
12 ... 2355.743408203125
13 ... 2394.5595703125
14 ... 2388.711669921875
27 ... 2349.114501953125
28 ... 2377.59619140625
29 ... 2387.45556640625
30 ... 2346.658935546875
31 ... 2376.801025390625
32 ... 2388.47900390625
57 ... 187.814208984375
58 ... 228.90826416015625
59 ... 221.67413330078125
60 ... 157.0247802734375
61 ... 191.74790954589844
62 ... 187.3346405029297
63 ... 76.47862243652344
64 ... 112.0960693359375
65 ... 126.80168151855469
66 ... 113.41228485107422
67 ... 114.15460968017578
68 ... 119.0790023803711
69 ... 31.505006790161133
70 ... 53.221405029296875
71 ... 70.56523895263672

--- [DEBUG] ANALOG PACKET RECEIVED ---

--- [DEBUG] ANALOG PACKET RECEIVED ---
Index: 3 | Value: 2366.40869140625
Index: 4 | Value: 2425.955322265625
Index: 5 | Value: 2411.13134765625
Index: 12 | Value: 2358.758544921875
Index: 13 | Value: 2416.186767578125
Indices [(3, 2366.40869140625), (4, 2425.955322265625), (5, 2411.13134765625), (12, 2358.758544921875), (13, 2416.186767578125)]
3 ... 2366.40869140625
4 ... 2425.955322265625
5 ... 2411.13134765625
12 ... 2358.758544921875
13 ... 2416.186767578125

--- [DEBUG] ANALOG PACKET RECEIVED ---

--- [DEBUG] ANALOG PACKET RECEIVED ---
Index: 14 | Value: 2406.587158203125
Index: 27 | Value: 2355.75830078125
Index: 28 | Value: 2402.239501953125
Index: 29 | Value: 2405.207763671875
Index: 30 | Value: 2354.22216796875
Index: 31 | Value: 2403.3173828125
Index: 32 | Value: 2406.49853515625
Index: 57 | Value: 171.8941650390625
Index: 58 | Value: 224.5416717529297
Index: 59 | Value: 196.94775390625
Index: 60 | Value: 160.79226684570312
Index: 61 | Value: 196.9192657470703
Index: 62 | Value: 193.61273193359375
Index: 63 | Value: 85.60079193115234
Index: 64 | Value: 120.04431915283203
Index: 65 | Value: 134.9420623779297
Index: 66 | Value: 111.39535522460938
Index: 67 | Value: 124.03275299072266
Index: 68 | Value: 120.89051055908203
Index: 69 | Value: 32.04762268066406
Index: 70 | Value: 75.15260314941406
Index: 71 | Value: 75.87201690673828
Indices [(14, 2406.587158203125), (27, 2355.75830078125), (28, 2402.239501953125), (29, 2405.207763671875), (30, 2354.22216796875), (31, 2403.3173828125), (32, 2406.49853515625), (57, 171.8941650390625), (58, 224.5416717529297), (59, 196.94775390625), (60, 160.79226684570312), (61, 196.9192657470703), (62, 193.61273193359375), (63, 85.60079193115234), (64, 120.04431915283203), (65, 134.9420623779297), (66, 111.39535522460938), (67, 124.03275299072266), (68, 120.89051055908203), (69, 32.04762268066406), (70, 75.15260314941406), (71, 75.87201690673828)]
14 ... 2406.587158203125
27 ... 2355.75830078125
28 ... 2402.239501953125
29 ... 2405.207763671875
30 ... 2354.22216796875
31 ... 2403.3173828125
32 ... 2406.49853515625
57 ... 171.8941650390625
58 ... 224.5416717529297
59 ... 196.94775390625
60 ... 160.79226684570312
61 ... 196.9192657470703
62 ... 193.61273193359375
63 ... 85.60079193115234
64 ... 120.04431915283203
65 ... 134.9420623779297
66 ... 111.39535522460938
67 ... 124.03275299072266
68 ... 120.89051055908203
69 ... 32.04762268066406
70 ... 75.15260314941406
71 ... 75.87201690673828

--- [DEBUG] ANALOG PACKET RECEIVED ---

--- [DEBUG] ANALOG PACKET RECEIVED ---
Index: 3 | Value: 2365.47900390625
Index: 4 | Value: 2419.7626953125
Index: 5 | Value: 2392.18115234375
Index: 12 | Value: 2356.72412109375
Index: 13 | Value: 2408.127197265625
Indices [(3, 2365.47900390625), (4, 2419.7626953125), (5, 2392.18115234375), (12, 2356.72412109375), (13, 2408.127197265625)]
3 ... 2365.47900390625
4 ... 2419.7626953125
5 ... 2392.18115234375
12 ... 2356.72412109375
13 ... 2408.127197265625

--- [DEBUG] ANALOG PACKET RECEIVED ---

--- [DEBUG] ANALOG PACKET RECEIVED ---
Index: 69 | Value: 25.15525245666504
Index: 70 | Value: 59.954010009765625
Index: 71 | Value: 64.07775115966797
Index: 3 | Value: 2365.65771484375
Index: 4 | Value: 2410.966064453125
Index: 5 | Value: 2402.98046875
Index: 12 | Value: 2356.8369140625
Index: 13 | Value: 2397.93701171875
Index: 14 | Value: 2394.9921875
Index: 27 | Value: 2351.367431640625
Index: 28 | Value: 2384.486328125
Index: 29 | Value: 2392.44384765625
Index: 30 | Value: 2349.22021484375
Index: 31 | Value: 2384.797119140625
Index: 32 | Value: 2393.394775390625
Index: 57 | Value: 195.2670440673828
Index: 58 | Value: 239.9237060546875
Index: 59 | Value: 234.90444946289062
Index: 60 | Value: 166.55935668945312
Index: 61 | Value: 200.27935791015625
Index: 62 | Value: 198.77001953125
Index: 63 | Value: 90.4775390625
Index: 64 | Value: 124.06002044677734
Index: 65 | Value: 141.040771484375
Index: 66 | Value: 116.30689239501953
Index: 67 | Value: 126.81529998779297
Index: 68 | Value: 124.37295532226562
Indices [(69, 25.15525245666504), (70, 59.954010009765625), (71, 64.07775115966797), (3, 2365.65771484375), (4, 2410.966064453125), (5, 2402.98046875), (12, 2356.8369140625), (13, 2397.93701171875), (14, 2394.9921875), (27, 2351.367431640625), (28, 2384.486328125), (29, 2392.44384765625), (30, 2349.22021484375), (31, 2384.797119140625), (32, 2393.394775390625), (57, 195.2670440673828), (58, 239.9237060546875), (59, 234.90444946289062), (60, 166.55935668945312), (61, 200.27935791015625), (62, 198.77001953125), (63, 90.4775390625), (64, 124.06002044677734), (65, 141.040771484375), (66, 116.30689239501953), (67, 126.81529998779297), (68, 124.37295532226562)]
69 ... 25.15525245666504
70 ... 59.954010009765625
71 ... 64.07775115966797
3 ... 2365.65771484375
4 ... 2410.966064453125
5 ... 2402.98046875
12 ... 2356.8369140625
13 ... 2397.93701171875
14 ... 2394.9921875
27 ... 2351.367431640625
28 ... 2384.486328125
29 ... 2392.44384765625
30 ... 2349.22021484375
31 ... 2384.797119140625
32 ... 2393.394775390625
57 ... 195.2670440673828
58 ... 239.9237060546875
59 ... 234.90444946289062
60 ... 166.55935668945312
61 ... 200.27935791015625
62 ... 198.77001953125
63 ... 90.4775390625
64 ... 124.06002044677734
65 ... 141.040771484375
66 ... 116.30689239501953
67 ... 126.81529998779297
68 ... 124.37295532226562

--- [DEBUG] ANALOG PACKET RECEIVED ---

--- [DEBUG] ANALOG PACKET RECEIVED ---
Index: 3 | Value: 2361.227783203125
Index: 4 | Value: 2418.54345703125
Index: 5 | Value: 2407.82666015625
Index: 12 | Value: 2351.917236328125
Index: 13 | Value: 2407.4287109375
Indices [(3, 2361.227783203125), (4, 2418.54345703125), (5, 2407.82666015625), (12, 2351.917236328125), (13, 2407.4287109375)]
3 ... 2361.227783203125
4 ... 2418.54345703125
5 ... 2407.82666015625
12 ... 2351.917236328125
13 ... 2407.4287109375

--- [DEBUG] ANALOG PACKET RECEIVED ---

--- [DEBUG] ANALOG PACKET RECEIVED ---
Index: 14 | Value: 2402.9453125
Index: 27 | Value: 2347.555419921875
Index: 28 | Value: 2391.11083984375
Index: 29 | Value: 2401.07861328125
Index: 30 | Value: 2345.541259765625
Index: 31 | Value: 2391.47998046875
Index: 32 | Value: 2402.01708984375
Index: 57 | Value: 206.77670288085938
Index: 58 | Value: 259.56915283203125
Index: 59 | Value: 228.79258728027344
Index: 60 | Value: 164.68075561523438
Index: 61 | Value: 196.44744873046875
Index: 62 | Value: 196.36187744140625
Index: 63 | Value: 88.4845199584961
Index: 64 | Value: 120.24862670898438
Index: 65 | Value: 138.78207397460938
Index: 66 | Value: 117.15039825439453
Index: 67 | Value: 126.1190185546875
Index: 68 | Value: 122.16189575195312
Index: 69 | Value: 26.55301856994629
Index: 70 | Value: 67.41375732421875
Index: 71 | Value: 67.12065887451172
Indices [(14, 2402.9453125), (27, 2347.555419921875), (28, 2391.11083984375), (29, 2401.07861328125), (30, 2345.541259765625), (31, 2391.47998046875), (32, 2402.01708984375), (57, 206.77670288085938), (58, 259.56915283203125), (59, 228.79258728027344), (60, 164.68075561523438), (61, 196.44744873046875), (62, 196.36187744140625), (63, 88.4845199584961), (64, 120.24862670898438), (65, 138.78207397460938), (66, 117.15039825439453), (67, 126.1190185546875), (68, 122.16189575195312), (69, 26.55301856994629), (70, 67.41375732421875), (71, 67.12065887451172)]
14 ... 2402.9453125
27 ... 2347.555419921875
28 ... 2391.11083984375
29 ... 2401.07861328125
30 ... 2345.541259765625
31 ... 2391.47998046875
32 ... 2402.01708984375
57 ... 206.77670288085938
58 ... 259.56915283203125
59 ... 228.79258728027344
60 ... 164.68075561523438
61 ... 196.44744873046875
62 ... 196.36187744140625
63 ... 88.4845199584961
64 ... 120.24862670898438
65 ... 138.78207397460938
66 ... 117.15039825439453
67 ... 126.1190185546875
68 ... 122.16189575195312
69 ... 26.55301856994629
70 ... 67.41375732421875
71 ... 67.12065887451172

--- [DEBUG] ANALOG PACKET RECEIVED ---

--- [DEBUG] ANALOG PACKET RECEIVED ---
Index: 3 | Value: 2375.92578125
Index: 4 | Value: 2408.416259765625
Index: 5 | Value: 2397.908935546875
Index: 12 | Value: 2369.17724609375
Index: 13 | Value: 2394.70166015625
Indices [(3, 2375.92578125), (4, 2408.416259765625), (5, 2397.908935546875), (12, 2369.17724609375), (13, 2394.70166015625)]
3 ... 2375.92578125
4 ... 2408.416259765625
5 ... 2397.908935546875
12 ... 2369.17724609375
13 ... 2394.70166015625

--- [DEBUG] ANALOG PACKET RECEIVED ---

--- [DEBUG] ANALOG PACKET RECEIVED ---
Index: 14 | Value: 2388.280029296875
Index: 27 | Value: 2361.978271484375
Index: 28 | Value: 2375.679931640625
Index: 29 | Value: 2377.7509765625
Index: 30 | Value: 2359.667236328125
Index: 31 | Value: 2374.170654296875
Index: 32 | Value: 2376.289306640625
Index: 57 | Value: 185.75570678710938
Index: 58 | Value: 222.6121826171875
Index: 59 | Value: 199.80911254882812
Index: 60 | Value: 168.41065979003906
Index: 61 | Value: 203.96156311035156
Index: 62 | Value: 192.72413635253906
Index: 63 | Value: 88.0777587890625
Index: 64 | Value: 120.62388610839844
Index: 65 | Value: 130.08938598632812
Index: 66 | Value: 118.81184387207031
Index: 67 | Value: 119.72554779052734
Index: 68 | Value: 116.81879425048828
Index: 69 | Value: 30.026704788208008
Index: 70 | Value: 55.865966796875
Index: 71 | Value: 43.69218444824219
Indices [(14, 2388.280029296875), (27, 2361.978271484375), (28, 2375.679931640625), (29, 2377.7509765625), (30, 2359.667236328125), (31, 2374.170654296875), (32, 2376.289306640625), (57, 185.75570678710938), (58, 222.6121826171875), (59, 199.80911254882812), (60, 168.41065979003906), (61, 203.96156311035156), (62, 192.72413635253906), (63, 88.0777587890625), (64, 120.62388610839844), (65, 130.08938598632812), (66, 118.81184387207031), (67, 119.72554779052734), (68, 116.81879425048828), (69, 30.026704788208008), (70, 55.865966796875), (71, 43.69218444824219)]
14 ... 2388.280029296875
27 ... 2361.978271484375
28 ... 2375.679931640625
29 ... 2377.7509765625
30 ... 2359.667236328125
31 ... 2374.170654296875
32 ... 2376.289306640625
57 ... 185.75570678710938
58 ... 222.6121826171875
59 ... 199.80911254882812
60 ... 168.41065979003906
61 ... 203.96156311035156
62 ... 192.72413635253906
63 ... 88.0777587890625
64 ... 120.62388610839844
65 ... 130.08938598632812
66 ... 118.81184387207031
67 ... 119.72554779052734
68 ... 116.81879425048828
69 ... 30.026704788208008
70 ... 55.865966796875
71 ... 43.69218444824219

--- [DEBUG] ANALOG PACKET RECEIVED ---

--- [DEBUG] ANALOG PACKET RECEIVED ---
Index: 3 | Value: 2371.194091796875
Index: 4 | Value: 2430.678955078125
Index: 5 | Value: 2407.919677734375
Index: 12 | Value: 2364.272705078125
Index: 13 | Value: 2420.760498046875
Indices [(3, 2371.194091796875), (4, 2430.678955078125), (5, 2407.919677734375), (12, 2364.272705078125), (13, 2420.760498046875)]
3 ... 2371.194091796875
4 ... 2430.678955078125
5 ... 2407.919677734375
12 ... 2364.272705078125
13 ... 2420.760498046875

--- [DEBUG] ANALOG PACKET RECEIVED ---

--- [DEBUG] ANALOG PACKET RECEIVED ---
Index: 14 | Value: 2401.3193359375
Index: 27 | Value: 2359.001708984375
Index: 28 | Value: 2404.858642578125
Index: 29 | Value: 2397.454833984375
Index: 30 | Value: 2357.04736328125
Index: 31 | Value: 2404.5634765625
Index: 32 | Value: 2397.969482421875
Index: 57 | Value: 182.32107543945312
Index: 58 | Value: 222.43223571777344
Index: 59 | Value: 195.56460571289062
Index: 60 | Value: 165.47300720214844
Index: 61 | Value: 199.60118103027344
Index: 62 | Value: 198.45896911621094
Index: 63 | Value: 88.38765716552734
Index: 64 | Value: 119.8972396850586
Index: 65 | Value: 137.93492126464844
Index: 66 | Value: 120.36666107177734
Index: 67 | Value: 116.5595932006836
Index: 68 | Value: 118.90922546386719
Index: 69 | Value: 33.464324951171875
Index: 70 | Value: 47.730804443359375
Index: 71 | Value: 49.74822998046875
Indices [(14, 2401.3193359375), (27, 2359.001708984375), (28, 2404.858642578125), (29, 2397.454833984375), (30, 2357.04736328125), (31, 2404.5634765625), (32, 2397.969482421875), (57, 182.32107543945312), (58, 222.43223571777344), (59, 195.56460571289062), (60, 165.47300720214844), (61, 199.60118103027344), (62, 198.45896911621094), (63, 88.38765716552734), (64, 119.8972396850586), (65, 137.93492126464844), (66, 120.36666107177734), (67, 116.5595932006836), (68, 118.90922546386719), (69, 33.464324951171875), (70, 47.730804443359375), (71, 49.74822998046875)]
14 ... 2401.3193359375
27 ... 2359.001708984375
28 ... 2404.858642578125
29 ... 2397.454833984375
30 ... 2357.04736328125
31 ... 2404.5634765625
32 ... 2397.969482421875
57 ... 182.32107543945312
58 ... 222.43223571777344
59 ... 195.56460571289062
60 ... 165.47300720214844
61 ... 199.60118103027344
62 ... 198.45896911621094
63 ... 88.38765716552734
64 ... 119.8972396850586
65 ... 137.93492126464844
66 ... 120.36666107177734
67 ... 116.5595932006836
68 ... 118.90922546386719
69 ... 33.464324951171875
70 ... 47.730804443359375
71 ... 49.74822998046875

--- [DEBUG] ANALOG PACKET RECEIVED ---

--- [DEBUG] ANALOG PACKET RECEIVED ---
Index: 3 | Value: 2370.0830078125
Index: 4 | Value: 2427.871337890625
Index: 5 | Value: 2420.939697265625
Index: 12 | Value: 2364.391845703125
Index: 13 | Value: 2419.286376953125
Indices [(3, 2370.0830078125), (4, 2427.871337890625), (5, 2420.939697265625), (12, 2364.391845703125), (13, 2419.286376953125)]
3 ... 2370.0830078125
4 ... 2427.871337890625
5 ... 2420.939697265625
12 ... 2364.391845703125
13 ... 2419.286376953125

--- [DEBUG] ANALOG PACKET RECEIVED ---

--- [DEBUG] ANALOG PACKET RECEIVED ---
Index: 3 | Value: 2365.865234375
Index: 4 | Value: 2428.182373046875
Index: 5 | Value: 2402.519287109375
Index: 12 | Value: 2358.8955078125
Index: 13 | Value: 2418.464111328125
Index: 14 | Value: 2398.173095703125
Index: 27 | Value: 2351.023681640625
Index: 28 | Value: 2402.845947265625
Index: 29 | Value: 2397.985595703125
Index: 30 | Value: 2347.950439453125
Index: 31 | Value: 2403.841552734375
Index: 32 | Value: 2399.1875
Index: 57 | Value: 192.73121643066406
Index: 58 | Value: 228.859619140625
Index: 59 | Value: 202.28150939941406
Index: 60 | Value: 176.1284637451172
Index: 61 | Value: 212.10250854492188
Index: 62 | Value: 208.28248596191406
Index: 63 | Value: 93.82987213134766
Index: 64 | Value: 133.09991455078125
Index: 65 | Value: 147.57815551757812
Index: 66 | Value: 125.75990295410156
Index: 67 | Value: 132.996337890625
Index: 68 | Value: 130.76385498046875
Index: 69 | Value: 26.332475662231445
Index: 70 | Value: 76.46013641357422
Index: 71 | Value: 75.8906478881836
Indices [(3, 2365.865234375), (4, 2428.182373046875), (5, 2402.519287109375), (12, 2358.8955078125), (13, 2418.464111328125), (14, 2398.173095703125), (27, 2351.023681640625), (28, 2402.845947265625), (29, 2397.985595703125), (30, 2347.950439453125), (31, 2403.841552734375), (32, 2399.1875), (57, 192.73121643066406), (58, 228.859619140625), (59, 202.28150939941406), (60, 176.1284637451172), (61, 212.10250854492188), (62, 208.28248596191406), (63, 93.82987213134766), (64, 133.09991455078125), (65, 147.57815551757812), (66, 125.75990295410156), (67, 132.996337890625), (68, 130.76385498046875), (69, 26.332475662231445), (70, 76.46013641357422), (71, 75.8906478881836)]
3 ... 2365.865234375
4 ... 2428.182373046875
5 ... 2402.519287109375
12 ... 2358.8955078125
13 ... 2418.464111328125
14 ... 2398.173095703125
27 ... 2351.023681640625
28 ... 2402.845947265625
29 ... 2397.985595703125
30 ... 2347.950439453125
31 ... 2403.841552734375
32 ... 2399.1875
57 ... 192.73121643066406
58 ... 228.859619140625
59 ... 202.28150939941406
60 ... 176.1284637451172
61 ... 212.10250854492188
62 ... 208.28248596191406
63 ... 93.82987213134766
64 ... 133.09991455078125
65 ... 147.57815551757812
66 ... 125.75990295410156
67 ... 132.996337890625
68 ... 130.76385498046875
69 ... 26.332475662231445
70 ... 76.46013641357422
71 ... 75.8906478881836

--- [DEBUG] ANALOG PACKET RECEIVED ---

--- [DEBUG] ANALOG PACKET RECEIVED ---
Index: 3 | Value: 2369.455322265625
Index: 4 | Value: 2419.586669921875
Index: 5 | Value: 2400.593505859375
Index: 12 | Value: 2363.3212890625
Index: 13 | Value: 2408.513427734375
Indices [(3, 2369.455322265625), (4, 2419.586669921875), (5, 2400.593505859375), (12, 2363.3212890625), (13, 2408.513427734375)]
3 ... 2369.455322265625
4 ... 2419.586669921875
5 ... 2400.593505859375
12 ... 2363.3212890625
13 ... 2408.513427734375

--- [DEBUG] ANALOG PACKET RECEIVED ---

--- [DEBUG] ANALOG PACKET RECEIVED ---
Index: 14 | Value: 2392.387939453125
Index: 27 | Value: 2360.505859375
Index: 28 | Value: 2393.363525390625
Index: 29 | Value: 2385.14111328125
Index: 30 | Value: 2358.560791015625
Index: 31 | Value: 2393.83740234375
Index: 32 | Value: 2384.84814453125
Index: 57 | Value: 221.3411102294922
Index: 58 | Value: 246.31289672851562
Index: 59 | Value: 236.03143310546875
Index: 60 | Value: 168.28794860839844
Index: 61 | Value: 201.6305389404297
Index: 62 | Value: 196.87136840820312
Index: 63 | Value: 92.7254867553711
Index: 64 | Value: 126.52464294433594
Index: 65 | Value: 138.51516723632812
Index: 66 | Value: 123.85444641113281
Index: 67 | Value: 125.83450317382812
Index: 68 | Value: 120.38729858398438
Index: 69 | Value: 33.24817657470703
Index: 70 | Value: 69.64979553222656
Index: 71 | Value: 50.82138442993164
Indices [(14, 2392.387939453125), (27, 2360.505859375), (28, 2393.363525390625), (29, 2385.14111328125), (30, 2358.560791015625), (31, 2393.83740234375), (32, 2384.84814453125), (57, 221.3411102294922), (58, 246.31289672851562), (59, 236.03143310546875), (60, 168.28794860839844), (61, 201.6305389404297), (62, 196.87136840820312), (63, 92.7254867553711), (64, 126.52464294433594), (65, 138.51516723632812), (66, 123.85444641113281), (67, 125.83450317382812), (68, 120.38729858398438), (69, 33.24817657470703), (70, 69.64979553222656), (71, 50.82138442993164)]
14 ... 2392.387939453125
27 ... 2360.505859375
28 ... 2393.363525390625
29 ... 2385.14111328125
30 ... 2358.560791015625
31 ... 2393.83740234375
32 ... 2384.84814453125
57 ... 221.3411102294922
58 ... 246.31289672851562
59 ... 236.03143310546875
60 ... 168.28794860839844
61 ... 201.6305389404297
62 ... 196.87136840820312
63 ... 92.7254867553711
64 ... 126.52464294433594
65 ... 138.51516723632812
66 ... 123.85444641113281
67 ... 125.83450317382812
68 ... 120.38729858398438
69 ... 33.24817657470703
70 ... 69.64979553222656
71 ... 50.82138442993164

--- [DEBUG] ANALOG PACKET RECEIVED ---

--- [DEBUG] ANALOG PACKET RECEIVED ---
Index: 3 | Value: 2379.576416015625
Index: 4 | Value: 2417.961669921875
Index: 5 | Value: 2412.13427734375
Index: 12 | Value: 2374.4697265625
Index: 13 | Value: 2406.822998046875
Indices [(3, 2379.576416015625), (4, 2417.961669921875), (5, 2412.13427734375), (12, 2374.4697265625), (13, 2406.822998046875)]
3 ... 2379.576416015625
4 ... 2417.961669921875
5 ... 2412.13427734375
12 ... 2374.4697265625
13 ... 2406.822998046875

--- [DEBUG] ANALOG PACKET RECEIVED ---

--- [DEBUG] ANALOG PACKET RECEIVED ---
Index: 3 | Value: 2380.042236328125
Index: 4 | Value: 2431.72900390625
Index: 5 | Value: 2424.05322265625
Index: 12 | Value: 2374.70947265625
Index: 13 | Value: 2423.0615234375
Index: 14 | Value: 2423.5849609375
Index: 27 | Value: 2370.315673828125
Index: 28 | Value: 2422.195068359375
Index: 29 | Value: 2419.214111328125
Index: 30 | Value: 2368.287109375
Index: 31 | Value: 2421.930908203125
Index: 32 | Value: 2419.5947265625
Index: 57 | Value: 182.35501098632812
Index: 58 | Value: 213.6413116455078
Index: 59 | Value: 181.2297821044922
Index: 60 | Value: 153.83660888671875
Index: 61 | Value: 185.2527618408203
Index: 62 | Value: 180.21865844726562
Index: 63 | Value: 74.21565246582031
Index: 64 | Value: 104.83689880371094
Index: 65 | Value: 119.16560363769531
Index: 66 | Value: 108.32483673095703
Index: 67 | Value: 104.83000946044922
Index: 68 | Value: 105.91944122314453
Index: 69 | Value: 33.064884185791016
Index: 70 | Value: 51.849117279052734
Index: 71 | Value: 47.5100212097168
Indices [(3, 2380.042236328125), (4, 2431.72900390625), (5, 2424.05322265625), (12, 2374.70947265625), (13, 2423.0615234375), (14, 2423.5849609375), (27, 2370.315673828125), (28, 2422.195068359375), (29, 2419.214111328125), (30, 2368.287109375), (31, 2421.930908203125), (32, 2419.5947265625), (57, 182.35501098632812), (58, 213.6413116455078), (59, 181.2297821044922), (60, 153.83660888671875), (61, 185.2527618408203), (62, 180.21865844726562), (63, 74.21565246582031), (64, 104.83689880371094), (65, 119.16560363769531), (66, 108.32483673095703), (67, 104.83000946044922), (68, 105.91944122314453), (69, 33.064884185791016), (70, 51.849117279052734), (71, 47.5100212097168)]
3 ... 2380.042236328125
4 ... 2431.72900390625
5 ... 2424.05322265625
12 ... 2374.70947265625
13 ... 2423.0615234375
14 ... 2423.5849609375
27 ... 2370.315673828125
28 ... 2422.195068359375
29 ... 2419.214111328125
30 ... 2368.287109375
31 ... 2421.930908203125
32 ... 2419.5947265625
57 ... 182.35501098632812
58 ... 213.6413116455078
59 ... 181.2297821044922
60 ... 153.83660888671875
61 ... 185.2527618408203
62 ... 180.21865844726562
63 ... 74.21565246582031
64 ... 104.83689880371094
65 ... 119.16560363769531
66 ... 108.32483673095703
67 ... 104.83000946044922
68 ... 105.91944122314453
69 ... 33.064884185791016
70 ... 51.849117279052734
71 ... 47.5100212097168

--- [DEBUG] ANALOG PACKET RECEIVED ---

--- [DEBUG] ANALOG PACKET RECEIVED ---
Index: 3 | Value: 2362.08984375
Index: 4 | Value: 2410.00927734375
Index: 5 | Value: 2387.402587890625
Index: 12 | Value: 2352.69384765625
Index: 13 | Value: 2396.832275390625
Indices [(3, 2362.08984375), (4, 2410.00927734375), (5, 2387.402587890625), (12, 2352.69384765625), (13, 2396.832275390625)]
3 ... 2362.08984375
4 ... 2410.00927734375
5 ... 2387.402587890625
12 ... 2352.69384765625
13 ... 2396.832275390625

--- [DEBUG] ANALOG PACKET RECEIVED ---

--- [DEBUG] ANALOG PACKET RECEIVED ---
Index: 70 | Value: 72.15795135498047
Index: 71 | Value: 69.96016693115234
Index: 3 | Value: 2365.11865234375
Index: 4 | Value: 2411.937744140625
Index: 5 | Value: 2404.909912109375
Index: 12 | Value: 2356.536376953125
Index: 13 | Value: 2399.75537109375
Index: 14 | Value: 2398.634033203125
Index: 27 | Value: 2350.646484375
Index: 28 | Value: 2385.270263671875
Index: 29 | Value: 2394.6865234375
Index: 30 | Value: 2348.25830078125
Index: 31 | Value: 2385.7021484375
Index: 32 | Value: 2395.27099609375
Index: 57 | Value: 212.90777587890625
Index: 58 | Value: 255.21737670898438
Index: 59 | Value: 252.05421447753906
Index: 60 | Value: 174.04400634765625
Index: 61 | Value: 209.433837890625
Index: 62 | Value: 206.57723999023438
Index: 63 | Value: 97.33506774902344
Index: 64 | Value: 134.44320678710938
Index: 65 | Value: 148.6651611328125
Index: 66 | Value: 126.69880676269531
Index: 67 | Value: 136.2172088623047
Index: 68 | Value: 135.022216796875
Index: 69 | Value: 28.7875919342041
Indices [(70, 72.15795135498047), (71, 69.96016693115234), (3, 2365.11865234375), (4, 2411.937744140625), (5, 2404.909912109375), (12, 2356.536376953125), (13, 2399.75537109375), (14, 2398.634033203125), (27, 2350.646484375), (28, 2385.270263671875), (29, 2394.6865234375), (30, 2348.25830078125), (31, 2385.7021484375), (32, 2395.27099609375), (57, 212.90777587890625), (58, 255.21737670898438), (59, 252.05421447753906), (60, 174.04400634765625), (61, 209.433837890625), (62, 206.57723999023438), (63, 97.33506774902344), (64, 134.44320678710938), (65, 148.6651611328125), (66, 126.69880676269531), (67, 136.2172088623047), (68, 135.022216796875), (69, 28.7875919342041)]
70 ... 72.15795135498047
71 ... 69.96016693115234
3 ... 2365.11865234375
4 ... 2411.937744140625
5 ... 2404.909912109375
12 ... 2356.536376953125
13 ... 2399.75537109375
14 ... 2398.634033203125
27 ... 2350.646484375
28 ... 2385.270263671875
29 ... 2394.6865234375
30 ... 2348.25830078125
31 ... 2385.7021484375
32 ... 2395.27099609375
57 ... 212.90777587890625
58 ... 255.21737670898438
59 ... 252.05421447753906
60 ... 174.04400634765625
61 ... 209.433837890625
62 ... 206.57723999023438
63 ... 97.33506774902344
64 ... 134.44320678710938
65 ... 148.6651611328125
66 ... 126.69880676269531
67 ... 136.2172088623047
68 ... 135.022216796875
69 ... 28.7875919342041

--- [DEBUG] ANALOG PACKET RECEIVED ---

--- [DEBUG] ANALOG PACKET RECEIVED ---
Index: 3 | Value: 2368.2578125
Index: 4 | Value: 2416.806884765625
Index: 5 | Value: 2394.123779296875
Index: 12 | Value: 2360.84228515625
Index: 13 | Value: 2404.34619140625
Indices [(3, 2368.2578125), (4, 2416.806884765625), (5, 2394.123779296875), (12, 2360.84228515625), (13, 2404.34619140625)]
3 ... 2368.2578125
4 ... 2416.806884765625
5 ... 2394.123779296875
12 ... 2360.84228515625
13 ... 2404.34619140625

--- [DEBUG] ANALOG PACKET RECEIVED ---

--- [DEBUG] ANALOG PACKET RECEIVED ---
Index: 14 | Value: 2384.54736328125
Index: 27 | Value: 2354.12841796875
Index: 28 | Value: 2382.8037109375
Index: 29 | Value: 2374.294677734375
Index: 30 | Value: 2351.66015625
Index: 31 | Value: 2380.845703125
Index: 32 | Value: 2372.9375
Index: 57 | Value: 181.11224365234375
Index: 58 | Value: 221.83416748046875
Index: 59 | Value: 188.168212890625
Index: 60 | Value: 165.0155792236328
Index: 61 | Value: 197.2196502685547
Index: 62 | Value: 192.3507537841797
Index: 63 | Value: 83.72789764404297
Index: 64 | Value: 117.25779724121094
Index: 65 | Value: 130.30287170410156
Index: 66 | Value: 119.67523193359375
Index: 67 | Value: 115.73839569091797
Index: 68 | Value: 115.56489562988281
Index: 69 | Value: 37.74752426147461
Index: 70 | Value: 46.8711051940918
Index: 71 | Value: 42.973114013671875
Indices [(14, 2384.54736328125), (27, 2354.12841796875), (28, 2382.8037109375), (29, 2374.294677734375), (30, 2351.66015625), (31, 2380.845703125), (32, 2372.9375), (57, 181.11224365234375), (58, 221.83416748046875), (59, 188.168212890625), (60, 165.0155792236328), (61, 197.2196502685547), (62, 192.3507537841797), (63, 83.72789764404297), (64, 117.25779724121094), (65, 130.30287170410156), (66, 119.67523193359375), (67, 115.73839569091797), (68, 115.56489562988281), (69, 37.74752426147461), (70, 46.8711051940918), (71, 42.973114013671875)]
14 ... 2384.54736328125
27 ... 2354.12841796875
28 ... 2382.8037109375
29 ... 2374.294677734375
30 ... 2351.66015625
31 ... 2380.845703125
32 ... 2372.9375
57 ... 181.11224365234375
58 ... 221.83416748046875
59 ... 188.168212890625
60 ... 165.0155792236328
61 ... 197.2196502685547
62 ... 192.3507537841797
63 ... 83.72789764404297
64 ... 117.25779724121094
65 ... 130.30287170410156
66 ... 119.67523193359375
67 ... 115.73839569091797
68 ... 115.56489562988281
69 ... 37.74752426147461
70 ... 46.8711051940918
71 ... 42.973114013671875

--- [DEBUG] ANALOG PACKET RECEIVED ---

--- [DEBUG] ANALOG PACKET RECEIVED ---
Index: 3 | Value: 2363.038818359375
Index: 4 | Value: 2422.288330078125
Index: 5 | Value: 2401.07373046875
Index: 12 | Value: 2354.74609375
Index: 13 | Value: 2411.20751953125
Indices [(3, 2363.038818359375), (4, 2422.288330078125), (5, 2401.07373046875), (12, 2354.74609375), (13, 2411.20751953125)]
3 ... 2363.038818359375
4 ... 2422.288330078125
5 ... 2401.07373046875
12 ... 2354.74609375
13 ... 2411.20751953125

--- [DEBUG] ANALOG PACKET RECEIVED ---

--- [DEBUG] ANALOG PACKET RECEIVED ---
Index: 69 | Value: 38.81426239013672
Index: 70 | Value: 48.00035858154297
Index: 71 | Value: 41.91371536254883
Index: 3 | Value: 2364.18896484375
Index: 4 | Value: 2402.483154296875
Index: 5 | Value: 2382.365234375
Index: 12 | Value: 2355.77197265625
Index: 13 | Value: 2388.7177734375
Index: 14 | Value: 2370.013671875
Index: 27 | Value: 2349.8203125
Index: 28 | Value: 2369.177490234375
Index: 29 | Value: 2359.498779296875
Index: 30 | Value: 2347.500244140625
Index: 31 | Value: 2367.412841796875
Index: 32 | Value: 2357.994384765625
Index: 57 | Value: 184.18240356445312
Index: 58 | Value: 220.8856964111328
Index: 59 | Value: 201.12648010253906
Index: 60 | Value: 156.8629150390625
Index: 61 | Value: 191.49237060546875
Index: 62 | Value: 186.02542114257812
Index: 63 | Value: 77.15363311767578
Index: 64 | Value: 112.17639923095703
Index: 65 | Value: 125.17127227783203
Index: 66 | Value: 112.40373992919922
Index: 67 | Value: 113.34443664550781
Index: 68 | Value: 113.41776275634766
Indices [(69, 38.81426239013672), (70, 48.00035858154297), (71, 41.91371536254883), (3, 2364.18896484375), (4, 2402.483154296875), (5, 2382.365234375), (12, 2355.77197265625), (13, 2388.7177734375), (14, 2370.013671875), (27, 2349.8203125), (28, 2369.177490234375), (29, 2359.498779296875), (30, 2347.500244140625), (31, 2367.412841796875), (32, 2357.994384765625), (57, 184.18240356445312), (58, 220.8856964111328), (59, 201.12648010253906), (60, 156.8629150390625), (61, 191.49237060546875), (62, 186.02542114257812), (63, 77.15363311767578), (64, 112.17639923095703), (65, 125.17127227783203), (66, 112.40373992919922), (67, 113.34443664550781), (68, 113.41776275634766)]
69 ... 38.81426239013672
70 ... 48.00035858154297
71 ... 41.91371536254883
3 ... 2364.18896484375
4 ... 2402.483154296875
5 ... 2382.365234375
12 ... 2355.77197265625
13 ... 2388.7177734375
14 ... 2370.013671875
27 ... 2349.8203125
28 ... 2369.177490234375
29 ... 2359.498779296875
30 ... 2347.500244140625
31 ... 2367.412841796875
32 ... 2357.994384765625
57 ... 184.18240356445312
58 ... 220.8856964111328
59 ... 201.12648010253906
60 ... 156.8629150390625
61 ... 191.49237060546875
62 ... 186.02542114257812
63 ... 77.15363311767578
64 ... 112.17639923095703
65 ... 125.17127227783203
66 ... 112.40373992919922
67 ... 113.34443664550781
68 ... 113.41776275634766

--- [DEBUG] ANALOG PACKET RECEIVED ---

--- [DEBUG] ANALOG PACKET RECEIVED ---
Index: 3 | Value: 2365.614990234375
Index: 4 | Value: 2425.1943359375
Index: 5 | Value: 2394.833740234375
Index: 12 | Value: 2356.742919921875
Index: 13 | Value: 2415.054931640625
Index: 14 | Value: 2387.67919921875
Index: 27 | Value: 2349.9658203125
Index: 28 | Value: 2397.517333984375
Index: 29 | Value: 2382.5009765625
Index: 30 | Value: 2347.291015625
Index: 31 | Value: 2397.06298828125
Index: 32 | Value: 2382.36865234375
Index: 57 | Value: 203.62576293945312
Index: 58 | Value: 247.35215759277344
Index: 59 | Value: 217.62625122070312
Index: 60 | Value: 154.2698211669922
Index: 61 | Value: 192.45736694335938
Index: 62 | Value: 188.91775512695312
Index: 63 | Value: 73.24691772460938
Index: 64 | Value: 113.56105041503906
Index: 65 | Value: 128.2050323486328
Index: 66 | Value: 113.05901336669922
Index: 67 | Value: 118.02954864501953
Index: 68 | Value: 119.82620239257812
Index: 69 | Value: 34.51536178588867
Index: 70 | Value: 47.083526611328125
Index: 71 | Value: 59.926700592041016
Indices [(3, 2365.614990234375), (4, 2425.1943359375), (5, 2394.833740234375), (12, 2356.742919921875), (13, 2415.054931640625), (14, 2387.67919921875), (27, 2349.9658203125), (28, 2397.517333984375), (29, 2382.5009765625), (30, 2347.291015625), (31, 2397.06298828125), (32, 2382.36865234375), (57, 203.62576293945312), (58, 247.35215759277344), (59, 217.62625122070312), (60, 154.2698211669922), (61, 192.45736694335938), (62, 188.91775512695312), (63, 73.24691772460938), (64, 113.56105041503906), (65, 128.2050323486328), (66, 113.05901336669922), (67, 118.02954864501953), (68, 119.82620239257812), (69, 34.51536178588867), (70, 47.083526611328125), (71, 59.926700592041016)]
3 ... 2365.614990234375
4 ... 2425.1943359375
5 ... 2394.833740234375
12 ... 2356.742919921875
13 ... 2415.054931640625
14 ... 2387.67919921875
27 ... 2349.9658203125
28 ... 2397.517333984375
29 ... 2382.5009765625
30 ... 2347.291015625
31 ... 2397.06298828125
32 ... 2382.36865234375
57 ... 203.62576293945312
58 ... 247.35215759277344
59 ... 217.62625122070312
60 ... 154.2698211669922
61 ... 192.45736694335938
62 ... 188.91775512695312
63 ... 73.24691772460938
64 ... 113.56105041503906
65 ... 128.2050323486328
66 ... 113.05901336669922
67 ... 118.02954864501953
68 ... 119.82620239257812
69 ... 34.51536178588867
70 ... 47.083526611328125
71 ... 59.926700592041016

--- [DEBUG] ANALOG PACKET RECEIVED ---

--- [DEBUG] ANALOG PACKET RECEIVED ---
Index: 3 | Value: 2380.123779296875
Index: 4 | Value: 2421.35888671875
Index: 5 | Value: 2413.86572265625
Index: 12 | Value: 2375.094482421875
Index: 13 | Value: 2410.6455078125
Index: 14 | Value: 2413.14013671875
Index: 27 | Value: 2365.32861328125
Index: 28 | Value: 2391.64697265625
Index: 29 | Value: 2411.779052734375
Index: 30 | Value: 2362.678955078125
Index: 31 | Value: 2390.7705078125
Index: 32 | Value: 2412.49267578125
Index: 57 | Value: 182.91358947753906
Index: 58 | Value: 229.37510681152344
Index: 59 | Value: 215.06825256347656
Index: 60 | Value: 161.21707153320312
Index: 61 | Value: 198.97280883789062
Index: 62 | Value: 188.49172973632812
Index: 63 | Value: 79.32626342773438
Index: 64 | Value: 119.42321014404297
Index: 65 | Value: 127.95513916015625
Index: 66 | Value: 116.91522979736328
Index: 67 | Value: 120.15814971923828
Index: 68 | Value: 119.59466552734375
Index: 69 | Value: 30.74881362915039
Index: 70 | Value: 49.3388557434082
Index: 71 | Value: 65.35039520263672
Indices [(3, 2380.123779296875), (4, 2421.35888671875), (5, 2413.86572265625), (12, 2375.094482421875), (13, 2410.6455078125), (14, 2413.14013671875), (27, 2365.32861328125), (28, 2391.64697265625), (29, 2411.779052734375), (30, 2362.678955078125), (31, 2390.7705078125), (32, 2412.49267578125), (57, 182.91358947753906), (58, 229.37510681152344), (59, 215.06825256347656), (60, 161.21707153320312), (61, 198.97280883789062), (62, 188.49172973632812), (63, 79.32626342773438), (64, 119.42321014404297), (65, 127.95513916015625), (66, 116.91522979736328), (67, 120.15814971923828), (68, 119.59466552734375), (69, 30.74881362915039), (70, 49.3388557434082), (71, 65.35039520263672)]
3 ... 2380.123779296875
4 ... 2421.35888671875
5 ... 2413.86572265625
12 ... 2375.094482421875
13 ... 2410.6455078125
14 ... 2413.14013671875
27 ... 2365.32861328125
28 ... 2391.64697265625
29 ... 2411.779052734375
30 ... 2362.678955078125
31 ... 2390.7705078125
32 ... 2412.49267578125
57 ... 182.91358947753906
58 ... 229.37510681152344
59 ... 215.06825256347656
60 ... 161.21707153320312
61 ... 198.97280883789062
62 ... 188.49172973632812
63 ... 79.32626342773438
64 ... 119.42321014404297
65 ... 127.95513916015625
66 ... 116.91522979736328
67 ... 120.15814971923828
68 ... 119.59466552734375
69 ... 30.74881362915039
70 ... 49.3388557434082
71 ... 65.35039520263672

--- [DEBUG] ANALOG PACKET RECEIVED ---

--- [DEBUG] ANALOG PACKET RECEIVED ---
Index: 3 | Value: 2372.95751953125
Index: 4 | Value: 2431.29248046875
Index: 5 | Value: 2418.092041015625
Index: 12 | Value: 2367.524658203125
Index: 13 | Value: 2416.931396484375
Index: 14 | Value: 2415.1806640625
Index: 27 | Value: 2359.55078125
Index: 28 | Value: 2398.296875
Index: 29 | Value: 2409.00146484375
Index: 30 | Value: 2356.880126953125
Index: 31 | Value: 2397.3935546875
Index: 32 | Value: 2409.254150390625
Index: 57 | Value: 174.3689727783203
Index: 58 | Value: 227.4212646484375
Index: 59 | Value: 191.36654663085938
Index: 60 | Value: 164.70065307617188
Index: 61 | Value: 198.1769561767578
Index: 62 | Value: 196.99961853027344
Index: 63 | Value: 81.94559478759766
Index: 64 | Value: 119.13074493408203
Index: 65 | Value: 136.16676330566406
Index: 66 | Value: 118.01917266845703
Index: 67 | Value: 120.91217803955078
Index: 68 | Value: 124.83672332763672
Index: 69 | Value: 30.464868545532227
Index: 70 | Value: 54.34661865234375
Index: 71 | Value: 69.65563201904297
Indices [(3, 2372.95751953125), (4, 2431.29248046875), (5, 2418.092041015625), (12, 2367.524658203125), (13, 2416.931396484375), (14, 2415.1806640625), (27, 2359.55078125), (28, 2398.296875), (29, 2409.00146484375), (30, 2356.880126953125), (31, 2397.3935546875), (32, 2409.254150390625), (57, 174.3689727783203), (58, 227.4212646484375), (59, 191.36654663085938), (60, 164.70065307617188), (61, 198.1769561767578), (62, 196.99961853027344), (63, 81.94559478759766), (64, 119.13074493408203), (65, 136.16676330566406), (66, 118.01917266845703), (67, 120.91217803955078), (68, 124.83672332763672), (69, 30.464868545532227), (70, 54.34661865234375), (71, 69.65563201904297)]
3 ... 2372.95751953125
4 ... 2431.29248046875
5 ... 2418.092041015625
12 ... 2367.524658203125
13 ... 2416.931396484375
14 ... 2415.1806640625
27 ... 2359.55078125
28 ... 2398.296875
29 ... 2409.00146484375
30 ... 2356.880126953125
31 ... 2397.3935546875
32 ... 2409.254150390625
57 ... 174.3689727783203
58 ... 227.4212646484375
59 ... 191.36654663085938
60 ... 164.70065307617188
61 ... 198.1769561767578
62 ... 196.99961853027344
63 ... 81.94559478759766
64 ... 119.13074493408203
65 ... 136.16676330566406
66 ... 118.01917266845703
67 ... 120.91217803955078
68 ... 124.83672332763672
69 ... 30.464868545532227
70 ... 54.34661865234375
71 ... 69.65563201904297

--- [DEBUG] ANALOG PACKET RECEIVED ---

--- [DEBUG] ANALOG PACKET RECEIVED ---
Index: 3 | Value: 2373.403564453125
Index: 4 | Value: 2430.170166015625
Index: 5 | Value: 2411.805419921875
Index: 12 | Value: 2369.12060546875
Index: 13 | Value: 2418.702392578125
Indices [(3, 2373.403564453125), (4, 2430.170166015625), (5, 2411.805419921875), (12, 2369.12060546875), (13, 2418.702392578125)]
3 ... 2373.403564453125
4 ... 2430.170166015625
5 ... 2411.805419921875
12 ... 2369.12060546875
13 ... 2418.702392578125

--- [DEBUG] ANALOG PACKET RECEIVED ---

--- [DEBUG] ANALOG PACKET RECEIVED ---
Index: 14 | Value: 2407.25439453125
Index: 27 | Value: 2359.353515625
Index: 28 | Value: 2402.778564453125
Index: 29 | Value: 2401.15625
Index: 30 | Value: 2361.885498046875
Index: 31 | Value: 2406.123046875
Index: 32 | Value: 2401.008544921875
Index: 57 | Value: 181.45176696777344
Index: 58 | Value: 209.3143768310547
Index: 59 | Value: 203.82818603515625
Index: 60 | Value: 167.92343139648438
Index: 61 | Value: 206.98776245117188
Index: 62 | Value: 197.5374298095703
Index: 63 | Value: 86.4436264038086
Index: 64 | Value: 127.64740753173828
Index: 65 | Value: 135.0531463623047
Index: 66 | Value: 120.65486907958984
Index: 67 | Value: 126.5947265625
Index: 68 | Value: 122.25143432617188
Index: 69 | Value: 28.35430145263672
Index: 70 | Value: 75.58493041992188
Index: 71 | Value: 65.67748260498047
Indices [(14, 2407.25439453125), (27, 2359.353515625), (28, 2402.778564453125), (29, 2401.15625), (30, 2361.885498046875), (31, 2406.123046875), (32, 2401.008544921875), (57, 181.45176696777344), (58, 209.3143768310547), (59, 203.82818603515625), (60, 167.92343139648438), (61, 206.98776245117188), (62, 197.5374298095703), (63, 86.4436264038086), (64, 127.64740753173828), (65, 135.0531463623047), (66, 120.65486907958984), (67, 126.5947265625), (68, 122.25143432617188), (69, 28.35430145263672), (70, 75.58493041992188), (71, 65.67748260498047)]
14 ... 2407.25439453125
27 ... 2359.353515625
28 ... 2402.778564453125
29 ... 2401.15625
30 ... 2361.885498046875
31 ... 2406.123046875
32 ... 2401.008544921875
57 ... 181.45176696777344
58 ... 209.3143768310547
59 ... 203.82818603515625
60 ... 167.92343139648438
61 ... 206.98776245117188
62 ... 197.5374298095703
63 ... 86.4436264038086
64 ... 127.64740753173828
65 ... 135.0531463623047
66 ... 120.65486907958984
67 ... 126.5947265625
68 ... 122.25143432617188
69 ... 28.35430145263672
70 ... 75.58493041992188
71 ... 65.67748260498047

--- [DEBUG] ANALOG PACKET RECEIVED ---

--- [DEBUG] ANALOG PACKET RECEIVED ---
Index: 3 | Value: 2381.862548828125
Index: 4 | Value: 2435.339111328125
Index: 5 | Value: 2431.65673828125
Index: 12 | Value: 2377.25634765625
Index: 13 | Value: 2427.610595703125
Indices [(3, 2381.862548828125), (4, 2435.339111328125), (5, 2431.65673828125), (12, 2377.25634765625), (13, 2427.610595703125)]
3 ... 2381.862548828125
4 ... 2435.339111328125
5 ... 2431.65673828125
12 ... 2377.25634765625
13 ... 2427.610595703125

--- [DEBUG] ANALOG PACKET RECEIVED ---

--- [DEBUG] ANALOG PACKET RECEIVED ---
Index: 3 | Value: 2378.752685546875
Index: 4 | Value: 2440.61279296875
Index: 5 | Value: 2424.09423828125
Index: 12 | Value: 2373.35595703125
Index: 13 | Value: 2433.360595703125
Index: 14 | Value: 2424.005859375
Index: 27 | Value: 2366.840087890625
Index: 28 | Value: 2418.093017578125
Index: 29 | Value: 2421.406982421875
Index: 30 | Value: 2364.69873046875
Index: 31 | Value: 2418.668701171875
Index: 32 | Value: 2422.1669921875
Index: 57 | Value: 178.0242462158203
Index: 58 | Value: 229.67474365234375
Index: 59 | Value: 196.04159545898438
Index: 60 | Value: 165.6902313232422
Index: 61 | Value: 196.79100036621094
Index: 62 | Value: 197.4925994873047
Index: 63 | Value: 89.20381164550781
Index: 64 | Value: 119.37981414794922
Index: 65 | Value: 138.80160522460938
Index: 66 | Value: 116.20654296875
Index: 67 | Value: 121.1032943725586
Index: 68 | Value: 120.56188201904297
Index: 69 | Value: 29.309560775756836
Index: 70 | Value: 60.25295639038086
Index: 71 | Value: 64.13420104980469
Indices [(3, 2378.752685546875), (4, 2440.61279296875), (5, 2424.09423828125), (12, 2373.35595703125), (13, 2433.360595703125), (14, 2424.005859375), (27, 2366.840087890625), (28, 2418.093017578125), (29, 2421.406982421875), (30, 2364.69873046875), (31, 2418.668701171875), (32, 2422.1669921875), (57, 178.0242462158203), (58, 229.67474365234375), (59, 196.04159545898438), (60, 165.6902313232422), (61, 196.79100036621094), (62, 197.4925994873047), (63, 89.20381164550781), (64, 119.37981414794922), (65, 138.80160522460938), (66, 116.20654296875), (67, 121.1032943725586), (68, 120.56188201904297), (69, 29.309560775756836), (70, 60.25295639038086), (71, 64.13420104980469)]
3 ... 2378.752685546875
4 ... 2440.61279296875
5 ... 2424.09423828125
12 ... 2373.35595703125
13 ... 2433.360595703125
14 ... 2424.005859375
27 ... 2366.840087890625
28 ... 2418.093017578125
29 ... 2421.406982421875
30 ... 2364.69873046875
31 ... 2418.668701171875
32 ... 2422.1669921875
57 ... 178.0242462158203
58 ... 229.67474365234375
59 ... 196.04159545898438
60 ... 165.6902313232422
61 ... 196.79100036621094
62 ... 197.4925994873047
63 ... 89.20381164550781
64 ... 119.37981414794922
65 ... 138.80160522460938
66 ... 116.20654296875
67 ... 121.1032943725586
68 ... 120.56188201904297
69 ... 29.309560775756836
70 ... 60.25295639038086
71 ... 64.13420104980469

--- [DEBUG] ANALOG PACKET RECEIVED ---

--- [DEBUG] ANALOG PACKET RECEIVED ---
Index: 64 | Value: 119.90177154541016
Index: 65 | Value: 135.04104614257812
Index: 66 | Value: 116.0154800415039
Index: 67 | Value: 119.63248443603516
Index: 68 | Value: 116.26883697509766
Index: 69 | Value: 30.019765853881836
Index: 70 | Value: 61.719482421875
Index: 71 | Value: 65.00743865966797
Index: 3 | Value: 2377.75
Index: 4 | Value: 2426.4208984375
Index: 5 | Value: 2411.2724609375
Index: 12 | Value: 2372.339599609375
Index: 13 | Value: 2416.58056640625
Index: 14 | Value: 2406.294677734375
Index: 27 | Value: 2366.797119140625
Index: 28 | Value: 2399.796875
Index: 29 | Value: 2403.5283203125
Index: 30 | Value: 2364.830078125
Index: 31 | Value: 2399.43408203125
Index: 32 | Value: 2404.548828125
Index: 57 | Value: 183.5885772705078
Index: 58 | Value: 214.2401123046875
Index: 59 | Value: 187.59507751464844
Index: 60 | Value: 165.00186157226562
Index: 61 | Value: 197.9723663330078
Index: 62 | Value: 192.3024139404297
Index: 63 | Value: 90.37370300292969
Indices [(64, 119.90177154541016), (65, 135.04104614257812), (66, 116.0154800415039), (67, 119.63248443603516), (68, 116.26883697509766), (69, 30.019765853881836), (70, 61.719482421875), (71, 65.00743865966797), (3, 2377.75), (4, 2426.4208984375), (5, 2411.2724609375), (12, 2372.339599609375), (13, 2416.58056640625), (14, 2406.294677734375), (27, 2366.797119140625), (28, 2399.796875), (29, 2403.5283203125), (30, 2364.830078125), (31, 2399.43408203125), (32, 2404.548828125), (57, 183.5885772705078), (58, 214.2401123046875), (59, 187.59507751464844), (60, 165.00186157226562), (61, 197.9723663330078), (62, 192.3024139404297), (63, 90.37370300292969)]
64 ... 119.90177154541016
65 ... 135.04104614257812
66 ... 116.0154800415039
67 ... 119.63248443603516
68 ... 116.26883697509766
69 ... 30.019765853881836
70 ... 61.719482421875
71 ... 65.00743865966797
3 ... 2377.75
4 ... 2426.4208984375
5 ... 2411.2724609375
12 ... 2372.339599609375
13 ... 2416.58056640625
14 ... 2406.294677734375
27 ... 2366.797119140625
28 ... 2399.796875
29 ... 2403.5283203125
30 ... 2364.830078125
31 ... 2399.43408203125
32 ... 2404.548828125
57 ... 183.5885772705078
58 ... 214.2401123046875
59 ... 187.59507751464844
60 ... 165.00186157226562
61 ... 197.9723663330078
62 ... 192.3024139404297
63 ... 90.37370300292969

--- [DEBUG] ANALOG PACKET RECEIVED ---

--- [DEBUG] ANALOG PACKET RECEIVED ---
Index: 3 | Value: 2376.029541015625
Index: 4 | Value: 2424.642822265625
Index: 5 | Value: 2406.870361328125
Index: 12 | Value: 2371.42724609375
Index: 13 | Value: 2414.102783203125
Indices [(3, 2376.029541015625), (4, 2424.642822265625), (5, 2406.870361328125), (12, 2371.42724609375), (13, 2414.102783203125)]
3 ... 2376.029541015625
4 ... 2424.642822265625
5 ... 2406.870361328125
12 ... 2371.42724609375
13 ... 2414.102783203125

--- [DEBUG] ANALOG PACKET RECEIVED ---

--- [DEBUG] ANALOG PACKET RECEIVED ---
Index: 14 | Value: 2400.078125
Index: 27 | Value: 2365.802490234375
Index: 28 | Value: 2397.985107421875
Index: 29 | Value: 2393.4951171875
Index: 30 | Value: 2363.876708984375
Index: 31 | Value: 2397.49365234375
Index: 32 | Value: 2393.1181640625
Index: 57 | Value: 176.7157745361328
Index: 58 | Value: 208.62474060058594
Index: 59 | Value: 183.4266815185547
Index: 60 | Value: 156.9420623779297
Index: 61 | Value: 194.69859313964844
Index: 62 | Value: 184.00680541992188
Index: 63 | Value: 79.15711212158203
Index: 64 | Value: 110.81208038330078
Index: 65 | Value: 121.68206024169922
Index: 66 | Value: 110.19254302978516
Index: 67 | Value: 112.27411651611328
Index: 68 | Value: 108.40996551513672
Index: 69 | Value: 28.79538917541504
Index: 70 | Value: 56.51074981689453
Index: 71 | Value: 48.88300704956055
Indices [(14, 2400.078125), (27, 2365.802490234375), (28, 2397.985107421875), (29, 2393.4951171875), (30, 2363.876708984375), (31, 2397.49365234375), (32, 2393.1181640625), (57, 176.7157745361328), (58, 208.62474060058594), (59, 183.4266815185547), (60, 156.9420623779297), (61, 194.69859313964844), (62, 184.00680541992188), (63, 79.15711212158203), (64, 110.81208038330078), (65, 121.68206024169922), (66, 110.19254302978516), (67, 112.27411651611328), (68, 108.40996551513672), (69, 28.79538917541504), (70, 56.51074981689453), (71, 48.88300704956055)]
14 ... 2400.078125
27 ... 2365.802490234375
28 ... 2397.985107421875
29 ... 2393.4951171875
30 ... 2363.876708984375
31 ... 2397.49365234375
32 ... 2393.1181640625
57 ... 176.7157745361328
58 ... 208.62474060058594
59 ... 183.4266815185547
60 ... 156.9420623779297
61 ... 194.69859313964844
62 ... 184.00680541992188
63 ... 79.15711212158203
64 ... 110.81208038330078
65 ... 121.68206024169922
66 ... 110.19254302978516
67 ... 112.27411651611328
68 ... 108.40996551513672
69 ... 28.79538917541504
70 ... 56.51074981689453
71 ... 48.88300704956055

--- [DEBUG] ANALOG PACKET RECEIVED ---

--- [DEBUG] ANALOG PACKET RECEIVED ---
Index: 3 | Value: 2367.99072265625
Index: 4 | Value: 2422.522216796875
Index: 5 | Value: 2407.30859375
Index: 12 | Value: 2360.94970703125
Index: 13 | Value: 2411.284423828125
Indices [(3, 2367.99072265625), (4, 2422.522216796875), (5, 2407.30859375), (12, 2360.94970703125), (13, 2411.284423828125)]
3 ... 2367.99072265625
4 ... 2422.522216796875
5 ... 2407.30859375
12 ... 2360.94970703125
13 ... 2411.284423828125

--- [DEBUG] ANALOG PACKET RECEIVED ---

--- [DEBUG] ANALOG PACKET RECEIVED ---
Index: 3 | Value: 2371.305419921875
Index: 4 | Value: 2426.54296875
Index: 5 | Value: 2412.835205078125
Index: 12 | Value: 2364.45556640625
Index: 13 | Value: 2416.8046875
Index: 14 | Value: 2407.775146484375
Index: 27 | Value: 2356.642578125
Index: 28 | Value: 2394.3828125
Index: 29 | Value: 2396.90185546875
Index: 30 | Value: 2353.7548828125
Index: 31 | Value: 2392.66552734375
Index: 32 | Value: 2395.677734375
Index: 57 | Value: 203.45689392089844
Index: 58 | Value: 239.90892028808594
Index: 59 | Value: 209.85377502441406
Index: 60 | Value: 175.39385986328125
Index: 61 | Value: 208.20082092285156
Index: 62 | Value: 203.65858459472656
Index: 63 | Value: 92.92373657226562
Index: 64 | Value: 128.38427734375
Index: 65 | Value: 141.51795959472656
Index: 66 | Value: 130.5979461669922
Index: 67 | Value: 125.23152160644531
Index: 68 | Value: 124.17005157470703
Index: 69 | Value: 36.70528793334961
Index: 70 | Value: 64.15704345703125
Index: 71 | Value: 44.629608154296875
Indices [(3, 2371.305419921875), (4, 2426.54296875), (5, 2412.835205078125), (12, 2364.45556640625), (13, 2416.8046875), (14, 2407.775146484375), (27, 2356.642578125), (28, 2394.3828125), (29, 2396.90185546875), (30, 2353.7548828125), (31, 2392.66552734375), (32, 2395.677734375), (57, 203.45689392089844), (58, 239.90892028808594), (59, 209.85377502441406), (60, 175.39385986328125), (61, 208.20082092285156), (62, 203.65858459472656), (63, 92.92373657226562), (64, 128.38427734375), (65, 141.51795959472656), (66, 130.5979461669922), (67, 125.23152160644531), (68, 124.17005157470703), (69, 36.70528793334961), (70, 64.15704345703125), (71, 44.629608154296875)]
3 ... 2371.305419921875
4 ... 2426.54296875
5 ... 2412.835205078125
12 ... 2364.45556640625
13 ... 2416.8046875
14 ... 2407.775146484375
27 ... 2356.642578125
28 ... 2394.3828125
29 ... 2396.90185546875
30 ... 2353.7548828125
31 ... 2392.66552734375
32 ... 2395.677734375
57 ... 203.45689392089844
58 ... 239.90892028808594
59 ... 209.85377502441406
60 ... 175.39385986328125
61 ... 208.20082092285156
62 ... 203.65858459472656
63 ... 92.92373657226562
64 ... 128.38427734375
65 ... 141.51795959472656
66 ... 130.5979461669922
67 ... 125.23152160644531
68 ... 124.17005157470703
69 ... 36.70528793334961
70 ... 64.15704345703125
71 ... 44.629608154296875

--- [DEBUG] ANALOG PACKET RECEIVED ---

--- [DEBUG] ANALOG PACKET RECEIVED ---
Index: 3 | Value: 2356.148193359375
Index: 4 | Value: 2414.625732421875
Index: 5 | Value: 2391.034912109375
Index: 12 | Value: 2344.8974609375
Index: 13 | Value: 2401.391357421875
Indices [(3, 2356.148193359375), (4, 2414.625732421875), (5, 2391.034912109375), (12, 2344.8974609375), (13, 2401.391357421875)]
3 ... 2356.148193359375
4 ... 2414.625732421875
5 ... 2391.034912109375
12 ... 2344.8974609375
13 ... 2401.391357421875

--- [DEBUG] ANALOG PACKET RECEIVED ---

--- [DEBUG] ANALOG PACKET RECEIVED ---
Index: 14 | Value: 2382.58984375
Index: 27 | Value: 2338.494140625
Index: 28 | Value: 2381.6103515625
Index: 29 | Value: 2378.2744140625
Index: 30 | Value: 2336.270263671875
Index: 31 | Value: 2380.55859375
Index: 32 | Value: 2377.901123046875
Index: 57 | Value: 206.04200744628906
Index: 58 | Value: 244.57313537597656
Index: 59 | Value: 214.24209594726562
Index: 60 | Value: 176.13818359375
Index: 61 | Value: 209.2244415283203
Index: 62 | Value: 204.79159545898438
Index: 63 | Value: 96.0372543334961
Index: 64 | Value: 132.505615234375
Index: 65 | Value: 143.69332885742188
Index: 66 | Value: 130.2838134765625
Index: 67 | Value: 128.50259399414062
Index: 68 | Value: 125.32764434814453
Index: 69 | Value: 37.62415313720703
Index: 70 | Value: 51.273868560791016
Index: 71 | Value: 51.016326904296875
Indices [(14, 2382.58984375), (27, 2338.494140625), (28, 2381.6103515625), (29, 2378.2744140625), (30, 2336.270263671875), (31, 2380.55859375), (32, 2377.901123046875), (57, 206.04200744628906), (58, 244.57313537597656), (59, 214.24209594726562), (60, 176.13818359375), (61, 209.2244415283203), (62, 204.79159545898438), (63, 96.0372543334961), (64, 132.505615234375), (65, 143.69332885742188), (66, 130.2838134765625), (67, 128.50259399414062), (68, 125.32764434814453), (69, 37.62415313720703), (70, 51.273868560791016), (71, 51.016326904296875)]
14 ... 2382.58984375
27 ... 2338.494140625
28 ... 2381.6103515625
29 ... 2378.2744140625
30 ... 2336.270263671875
31 ... 2380.55859375
32 ... 2377.901123046875
57 ... 206.04200744628906
58 ... 244.57313537597656
59 ... 214.24209594726562
60 ... 176.13818359375
61 ... 209.2244415283203
62 ... 204.79159545898438
63 ... 96.0372543334961
64 ... 132.505615234375
65 ... 143.69332885742188
66 ... 130.2838134765625
67 ... 128.50259399414062
68 ... 125.32764434814453
69 ... 37.62415313720703
70 ... 51.273868560791016
71 ... 51.016326904296875

--- [DEBUG] ANALOG PACKET RECEIVED ---

--- [DEBUG] ANALOG PACKET RECEIVED ---
Index: 3 | Value: 2370.0166015625
Index: 4 | Value: 2419.64111328125
Index: 5 | Value: 2394.858154296875
Index: 12 | Value: 2362.434326171875
Index: 13 | Value: 2407.032958984375
Indices [(3, 2370.0166015625), (4, 2419.64111328125), (5, 2394.858154296875), (12, 2362.434326171875), (13, 2407.032958984375)]
3 ... 2370.0166015625
4 ... 2419.64111328125
5 ... 2394.858154296875
12 ... 2362.434326171875
13 ... 2407.032958984375

--- [DEBUG] ANALOG PACKET RECEIVED ---

--- [DEBUG] ANALOG PACKET RECEIVED ---
Index: 14 | Value: 2386.433837890625
Index: 27 | Value: 2356.364501953125
Index: 28 | Value: 2386.88134765625
Index: 29 | Value: 2380.76220703125
Index: 30 | Value: 2354.16796875
Index: 31 | Value: 2385.756103515625
Index: 32 | Value: 2380.43212890625
Index: 57 | Value: 189.64881896972656
Index: 58 | Value: 226.63043212890625
Index: 59 | Value: 201.90353393554688
Index: 60 | Value: 173.556640625
Index: 61 | Value: 205.49871826171875
Index: 62 | Value: 203.25897216796875
Index: 63 | Value: 96.83450317382812
Index: 64 | Value: 127.77117919921875
Index: 65 | Value: 143.92904663085938
Index: 66 | Value: 122.969970703125
Index: 67 | Value: 122.08194732666016
Index: 68 | Value: 121.94539642333984
Index: 69 | Value: 28.6287841796875
Index: 70 | Value: 52.23677444458008
Index: 71 | Value: 53.60213851928711
Indices [(14, 2386.433837890625), (27, 2356.364501953125), (28, 2386.88134765625), (29, 2380.76220703125), (30, 2354.16796875), (31, 2385.756103515625), (32, 2380.43212890625), (57, 189.64881896972656), (58, 226.63043212890625), (59, 201.90353393554688), (60, 173.556640625), (61, 205.49871826171875), (62, 203.25897216796875), (63, 96.83450317382812), (64, 127.77117919921875), (65, 143.92904663085938), (66, 122.969970703125), (67, 122.08194732666016), (68, 121.94539642333984), (69, 28.6287841796875), (70, 52.23677444458008), (71, 53.60213851928711)]
14 ... 2386.433837890625
27 ... 2356.364501953125
28 ... 2386.88134765625
29 ... 2380.76220703125
30 ... 2354.16796875
31 ... 2385.756103515625
32 ... 2380.43212890625
57 ... 189.64881896972656
58 ... 226.63043212890625
59 ... 201.90353393554688
60 ... 173.556640625
61 ... 205.49871826171875
62 ... 203.25897216796875
63 ... 96.83450317382812
64 ... 127.77117919921875
65 ... 143.92904663085938
66 ... 122.969970703125
67 ... 122.08194732666016
68 ... 121.94539642333984
69 ... 28.6287841796875
70 ... 52.23677444458008
71 ... 53.60213851928711

--- [DEBUG] ANALOG PACKET RECEIVED ---

--- [DEBUG] ANALOG PACKET RECEIVED ---
Index: 3 | Value: 2365.203857421875
Index: 4 | Value: 2421.0302734375
Index: 5 | Value: 2393.79931640625
Index: 12 | Value: 2356.42919921875
Index: 13 | Value: 2409.6015625
Indices [(3, 2365.203857421875), (4, 2421.0302734375), (5, 2393.79931640625), (12, 2356.42919921875), (13, 2409.6015625)]
3 ... 2365.203857421875
4 ... 2421.0302734375
5 ... 2393.79931640625
12 ... 2356.42919921875
13 ... 2409.6015625

--- [DEBUG] ANALOG PACKET RECEIVED ---

--- [DEBUG] ANALOG PACKET RECEIVED ---
Index: 3 | Value: 2366.121826171875
Index: 4 | Value: 2415.176025390625
Index: 5 | Value: 2397.61572265625
Index: 12 | Value: 2358.23779296875
Index: 13 | Value: 2402.76953125
Index: 14 | Value: 2387.961669921875
Index: 27 | Value: 2354.572998046875
Index: 28 | Value: 2389.700927734375
Index: 29 | Value: 2381.55615234375
Index: 30 | Value: 2352.45458984375
Index: 31 | Value: 2390.543212890625
Index: 32 | Value: 2381.21728515625
Index: 57 | Value: 193.63751220703125
Index: 58 | Value: 228.76202392578125
Index: 59 | Value: 220.54476928710938
Index: 60 | Value: 149.4378204345703
Index: 61 | Value: 188.7205352783203
Index: 62 | Value: 176.35116577148438
Index: 63 | Value: 72.98876190185547
Index: 64 | Value: 111.98330688476562
Index: 65 | Value: 116.6895523071289
Index: 66 | Value: 107.13465118408203
Index: 67 | Value: 117.08180236816406
Index: 68 | Value: 109.04126739501953
Index: 69 | Value: 31.794496536254883
Index: 70 | Value: 77.62346649169922
Index: 71 | Value: 59.75538635253906
Indices [(3, 2366.121826171875), (4, 2415.176025390625), (5, 2397.61572265625), (12, 2358.23779296875), (13, 2402.76953125), (14, 2387.961669921875), (27, 2354.572998046875), (28, 2389.700927734375), (29, 2381.55615234375), (30, 2352.45458984375), (31, 2390.543212890625), (32, 2381.21728515625), (57, 193.63751220703125), (58, 228.76202392578125), (59, 220.54476928710938), (60, 149.4378204345703), (61, 188.7205352783203), (62, 176.35116577148438), (63, 72.98876190185547), (64, 111.98330688476562), (65, 116.6895523071289), (66, 107.13465118408203), (67, 117.08180236816406), (68, 109.04126739501953), (69, 31.794496536254883), (70, 77.62346649169922), (71, 59.75538635253906)]
3 ... 2366.121826171875
4 ... 2415.176025390625
5 ... 2397.61572265625
12 ... 2358.23779296875
13 ... 2402.76953125
14 ... 2387.961669921875
27 ... 2354.572998046875
28 ... 2389.700927734375
29 ... 2381.55615234375
30 ... 2352.45458984375
31 ... 2390.543212890625
32 ... 2381.21728515625
57 ... 193.63751220703125
58 ... 228.76202392578125
59 ... 220.54476928710938
60 ... 149.4378204345703
61 ... 188.7205352783203
62 ... 176.35116577148438
63 ... 72.98876190185547
64 ... 111.98330688476562
65 ... 116.6895523071289
66 ... 107.13465118408203
67 ... 117.08180236816406
68 ... 109.04126739501953
69 ... 31.794496536254883
70 ... 77.62346649169922
71 ... 59.75538635253906

--- [DEBUG] ANALOG PACKET RECEIVED ---

--- [DEBUG] ANALOG PACKET RECEIVED ---
Index: 3 | Value: 2366.564697265625
Index: 4 | Value: 2426.976318359375
Index: 5 | Value: 2412.585693359375
Index: 12 | Value: 2358.83447265625
Index: 13 | Value: 2415.91455078125
Index: 14 | Value: 2407.967041015625
Index: 27 | Value: 2355.323974609375
Index: 28 | Value: 2401.6669921875
Index: 29 | Value: 2402.902099609375
Index: 30 | Value: 2353.292724609375
Index: 31 | Value: 2402.534912109375
Index: 32 | Value: 2402.81689453125
Index: 57 | Value: 187.8111114501953
Index: 58 | Value: 240.6629638671875
Index: 59 | Value: 219.41847229003906
Index: 60 | Value: 150.59085083007812
Index: 61 | Value: 186.84027099609375
Index: 62 | Value: 174.2520294189453
Index: 63 | Value: 73.31832885742188
Index: 64 | Value: 109.583984375
Index: 65 | Value: 113.9434585571289
Index: 66 | Value: 107.43550109863281
Index: 67 | Value: 115.68675994873047
Index: 68 | Value: 106.6678237915039
Index: 69 | Value: 32.959896087646484
Index: 70 | Value: 74.63742065429688
Index: 71 | Value: 55.77415466308594
Indices [(3, 2366.564697265625), (4, 2426.976318359375), (5, 2412.585693359375), (12, 2358.83447265625), (13, 2415.91455078125), (14, 2407.967041015625), (27, 2355.323974609375), (28, 2401.6669921875), (29, 2402.902099609375), (30, 2353.292724609375), (31, 2402.534912109375), (32, 2402.81689453125), (57, 187.8111114501953), (58, 240.6629638671875), (59, 219.41847229003906), (60, 150.59085083007812), (61, 186.84027099609375), (62, 174.2520294189453), (63, 73.31832885742188), (64, 109.583984375), (65, 113.9434585571289), (66, 107.43550109863281), (67, 115.68675994873047), (68, 106.6678237915039), (69, 32.959896087646484), (70, 74.63742065429688), (71, 55.77415466308594)]
3 ... 2366.564697265625
4 ... 2426.976318359375
5 ... 2412.585693359375
12 ... 2358.83447265625
13 ... 2415.91455078125
14 ... 2407.967041015625
27 ... 2355.323974609375
28 ... 2401.6669921875
29 ... 2402.902099609375
30 ... 2353.292724609375
31 ... 2402.534912109375
32 ... 2402.81689453125
57 ... 187.8111114501953
58 ... 240.6629638671875
59 ... 219.41847229003906
60 ... 150.59085083007812
61 ... 186.84027099609375
62 ... 174.2520294189453
63 ... 73.31832885742188
64 ... 109.583984375
65 ... 113.9434585571289
66 ... 107.43550109863281
67 ... 115.68675994873047
68 ... 106.6678237915039
69 ... 32.959896087646484
70 ... 74.63742065429688
71 ... 55.77415466308594

--- [DEBUG] ANALOG PACKET RECEIVED ---

--- [DEBUG] ANALOG PACKET RECEIVED ---
Index: 3 | Value: 2366.450927734375
Index: 4 | Value: 2427.183837890625
Index: 5 | Value: 2408.516357421875
Index: 12 | Value: 2358.18115234375
Index: 13 | Value: 2416.67333984375
Indices [(3, 2366.450927734375), (4, 2427.183837890625), (5, 2408.516357421875), (12, 2358.18115234375), (13, 2416.67333984375)]
3 ... 2366.450927734375
4 ... 2427.183837890625
5 ... 2408.516357421875
12 ... 2358.18115234375
13 ... 2416.67333984375

--- [DEBUG] ANALOG PACKET RECEIVED ---

--- [DEBUG] ANALOG PACKET RECEIVED ---
Index: 14 | Value: 2403.098388671875
Index: 27 | Value: 2351.554443359375
Index: 28 | Value: 2398.54931640625
Index: 29 | Value: 2370.487548828125
Index: 30 | Value: 2346.761474609375
Index: 31 | Value: 2379.82763671875
Index: 32 | Value: 2369.62060546875
Index: 57 | Value: 198.50291442871094
Index: 58 | Value: 233.6602325439453
Index: 59 | Value: 208.5776824951172
Index: 60 | Value: 179.7860870361328
Index: 61 | Value: 210.3543701171875
Index: 62 | Value: 205.87353515625
Index: 63 | Value: 101.8199691772461
Index: 64 | Value: 130.67788696289062
Index: 65 | Value: 145.99977111816406
Index: 66 | Value: 129.30795288085938
Index: 67 | Value: 125.5416030883789
Index: 68 | Value: 123.91816711425781
Index: 69 | Value: 29.43649673461914
Index: 70 | Value: 49.62410354614258
Index: 71 | Value: 47.5478401184082
Indices [(14, 2403.098388671875), (27, 2351.554443359375), (28, 2398.54931640625), (29, 2370.487548828125), (30, 2346.761474609375), (31, 2379.82763671875), (32, 2369.62060546875), (57, 198.50291442871094), (58, 233.6602325439453), (59, 208.5776824951172), (60, 179.7860870361328), (61, 210.3543701171875), (62, 205.87353515625), (63, 101.8199691772461), (64, 130.67788696289062), (65, 145.99977111816406), (66, 129.30795288085938), (67, 125.5416030883789), (68, 123.91816711425781), (69, 29.43649673461914), (70, 49.62410354614258), (71, 47.5478401184082)]
14 ... 2403.098388671875
27 ... 2351.554443359375
28 ... 2398.54931640625
29 ... 2370.487548828125
30 ... 2346.761474609375
31 ... 2379.82763671875
32 ... 2369.62060546875
57 ... 198.50291442871094
58 ... 233.6602325439453
59 ... 208.5776824951172
60 ... 179.7860870361328
61 ... 210.3543701171875
62 ... 205.87353515625
63 ... 101.8199691772461
64 ... 130.67788696289062
65 ... 145.99977111816406
66 ... 129.30795288085938
67 ... 125.5416030883789
68 ... 123.91816711425781
69 ... 29.43649673461914
70 ... 49.62410354614258
71 ... 47.5478401184082

--- [DEBUG] ANALOG PACKET RECEIVED ---

--- [DEBUG] ANALOG PACKET RECEIVED ---
Index: 3 | Value: 2359.926513671875
Index: 4 | Value: 2409.911376953125
Index: 5 | Value: 2397.869140625
Index: 12 | Value: 2350.47412109375
Index: 13 | Value: 2389.91064453125
Index: 14 | Value: 2388.7470703125
Index: 27 | Value: 2345.551025390625
Index: 28 | Value: 2372.4345703125
Index: 29 | Value: 2383.813720703125
Index: 30 | Value: 2343.2861328125
Index: 31 | Value: 2371.8798828125
Index: 32 | Value: 2383.703857421875
Index: 57 | Value: 201.75482177734375
Index: 58 | Value: 255.66668701171875
Index: 59 | Value: 234.0098114013672
Index: 60 | Value: 177.7308349609375
Index: 61 | Value: 206.983642578125
Index: 62 | Value: 201.43881225585938
Index: 63 | Value: 100.50405883789062
Index: 64 | Value: 127.45016479492188
Index: 65 | Value: 142.57635498046875
Index: 66 | Value: 128.09080505371094
Index: 67 | Value: 125.19322204589844
Index: 68 | Value: 124.7308120727539
Index: 69 | Value: 29.737337112426758
Index: 70 | Value: 48.79652786254883
Index: 71 | Value: 49.45145034790039
Indices [(3, 2359.926513671875), (4, 2409.911376953125), (5, 2397.869140625), (12, 2350.47412109375), (13, 2389.91064453125), (14, 2388.7470703125), (27, 2345.551025390625), (28, 2372.4345703125), (29, 2383.813720703125), (30, 2343.2861328125), (31, 2371.8798828125), (32, 2383.703857421875), (57, 201.75482177734375), (58, 255.66668701171875), (59, 234.0098114013672), (60, 177.7308349609375), (61, 206.983642578125), (62, 201.43881225585938), (63, 100.50405883789062), (64, 127.45016479492188), (65, 142.57635498046875), (66, 128.09080505371094), (67, 125.19322204589844), (68, 124.7308120727539), (69, 29.737337112426758), (70, 48.79652786254883), (71, 49.45145034790039)]
3 ... 2359.926513671875
4 ... 2409.911376953125
5 ... 2397.869140625
12 ... 2350.47412109375
13 ... 2389.91064453125
14 ... 2388.7470703125
27 ... 2345.551025390625
28 ... 2372.4345703125
29 ... 2383.813720703125
30 ... 2343.2861328125
31 ... 2371.8798828125
32 ... 2383.703857421875
57 ... 201.75482177734375
58 ... 255.66668701171875
59 ... 234.0098114013672
60 ... 177.7308349609375
61 ... 206.983642578125
62 ... 201.43881225585938
63 ... 100.50405883789062
64 ... 127.45016479492188
65 ... 142.57635498046875
66 ... 128.09080505371094
67 ... 125.19322204589844
68 ... 124.7308120727539
69 ... 29.737337112426758
70 ... 48.79652786254883
71 ... 49.45145034790039

--- [DEBUG] ANALOG PACKET RECEIVED ---

--- [DEBUG] ANALOG PACKET RECEIVED ---
Index: 68 | Value: 125.31999206542969
Index: 69 | Value: 29.544708251953125
Index: 70 | Value: 50.25225830078125
Index: 71 | Value: 54.4635124206543
Index: 3 | Value: 2373.86962890625
Indices [(68, 125.31999206542969), (69, 29.544708251953125), (70, 50.25225830078125), (71, 54.4635124206543), (3, 2373.86962890625)]
68 ... 125.31999206542969
69 ... 29.544708251953125
70 ... 50.25225830078125
71 ... 54.4635124206543
3 ... 2373.86962890625

--- [DEBUG] ANALOG PACKET RECEIVED ---

--- [DEBUG] ANALOG PACKET RECEIVED ---
Index: 71 | Value: 55.64516830444336
Index: 3 | Value: 2374.30322265625
Index: 4 | Value: 2440.696533203125
Index: 5 | Value: 2423.07470703125
Index: 12 | Value: 2368.803466796875
Index: 13 | Value: 2432.509521484375
Index: 14 | Value: 2421.69287109375
Index: 27 | Value: 2362.482666015625
Index: 28 | Value: 2415.31396484375
Index: 29 | Value: 2416.652099609375
Index: 30 | Value: 2359.873291015625
Index: 31 | Value: 2415.70263671875
Index: 32 | Value: 2416.756103515625
Index: 57 | Value: 177.5975341796875
Index: 58 | Value: 228.28126525878906
Index: 59 | Value: 187.0450439453125
Index: 60 | Value: 165.9359893798828
Index: 61 | Value: 198.52491760253906
Index: 62 | Value: 190.88140869140625
Index: 63 | Value: 82.52186584472656
Index: 64 | Value: 119.16329193115234
Index: 65 | Value: 129.38453674316406
Index: 66 | Value: 123.58153533935547
Index: 67 | Value: 119.05663299560547
Index: 68 | Value: 115.54064178466797
Index: 69 | Value: 34.11616516113281
Index: 70 | Value: 70.33391571044922
Indices [(71, 55.64516830444336), (3, 2374.30322265625), (4, 2440.696533203125), (5, 2423.07470703125), (12, 2368.803466796875), (13, 2432.509521484375), (14, 2421.69287109375), (27, 2362.482666015625), (28, 2415.31396484375), (29, 2416.652099609375), (30, 2359.873291015625), (31, 2415.70263671875), (32, 2416.756103515625), (57, 177.5975341796875), (58, 228.28126525878906), (59, 187.0450439453125), (60, 165.9359893798828), (61, 198.52491760253906), (62, 190.88140869140625), (63, 82.52186584472656), (64, 119.16329193115234), (65, 129.38453674316406), (66, 123.58153533935547), (67, 119.05663299560547), (68, 115.54064178466797), (69, 34.11616516113281), (70, 70.33391571044922)]
71 ... 55.64516830444336
3 ... 2374.30322265625
4 ... 2440.696533203125
5 ... 2423.07470703125
12 ... 2368.803466796875
13 ... 2432.509521484375
14 ... 2421.69287109375
27 ... 2362.482666015625
28 ... 2415.31396484375
29 ... 2416.652099609375
30 ... 2359.873291015625
31 ... 2415.70263671875
32 ... 2416.756103515625
57 ... 177.5975341796875
58 ... 228.28126525878906
59 ... 187.0450439453125
60 ... 165.9359893798828
61 ... 198.52491760253906
62 ... 190.88140869140625
63 ... 82.52186584472656
64 ... 119.16329193115234
65 ... 129.38453674316406
66 ... 123.58153533935547
67 ... 119.05663299560547
68 ... 115.54064178466797
69 ... 34.11616516113281
70 ... 70.33391571044922
